IC_Spawn,singlet_1,singlet_2,meci_type
0000_2,-77.73160608,-77.7244175,Twist
0000_3,-77.73092317,-77.72341644,Twist
0000_4,-77.71077805,-77.70508505,Twist
0000_5,-77.67823221,-77.67444249,Twist
0002_2,-77.73682009,-77.73635041,Ethylidene_Bent
0003_2,-77.78706288,-77.78673565,Ethylidene_Bent
0004_2,-77.71833897,-77.7123761,H_Dissociation
0004_3,-77.70425059,-77.70282578,H_Dissociation
0005_2,-77.71999681,-77.71259811,Twist
0005_3,-77.79135814,-77.78808898,Ethylidene_Bent
0005_4,-77.77949117,-77.77592931,Ethylidene_Bent
0005_5,-77.79833743,-77.79775744,Ethylidene_Bent
0006_2,-77.71114049,-77.7100387,Ethylidene_Straight
0006_3,-77.78644659,-77.7864437,Ethylidene_Straight
0006_4,-77.74012646,-77.73964179,Ethylidene_Straight
0006_5,-77.72015079,-77.72012499,Ethylidene_Bent
0006_6,-77.72123595,-77.71526026,Ethylidene_Bent
0006_7,-77.73562779,-77.73540947,Ethylidene_Straight
0006_8,-77.74925685,-77.74881394,Ethylidene_Bent
0007_2,-77.70387885,-77.70128359,H_Dissociation
0007_3,-77.69033713,-77.68885132,Ethylidene_Straight
0008_2,-77.70527815,-77.70432769,Ethylidene_Bent
0008_3,-77.7234878,-77.72112992,Twist
0009_2,-77.71450228,-77.70591247,CC_Dissociation
0010_2,-77.69819991,-77.69658831,Twist
0011_2,-77.72532908,-77.72528801,Twist
0011_3,-77.75622228,-77.7542113,Twist
0012_2,-77.70092295,-77.69737394,H_Dissociation
0012_3,-77.69285584,-77.68828855,Ethylidene_Bent
0013_10,-77.70275995,-77.70243313,CC_Dissociation
0013_11,-77.69471345,-77.69443,CC_Dissociation
0013_12,-77.69388869,-77.69354789,CC_Dissociation
0013_13,-77.6964043,-77.69609875,CC_Dissociation
0013_14,-77.68728303,-77.68697192,CC_Dissociation
0013_15,-77.70558093,-77.70523808,CC_Dissociation
0013_16,-77.69681245,-77.69648389,CC_Dissociation
0013_17,-77.69287097,-77.69251025,CC_Dissociation
0013_18,-77.69331084,-77.69294959,CC_Dissociation
0013_19,-77.69227666,-77.69197505,CC_Dissociation
0013_2,-77.65570711,-77.65543254,CC_Dissociation
0013_20,-77.69964327,-77.69932046,CC_Dissociation
0013_3,-77.6991219,-77.69880551,Twist
0013_4,-77.70303653,-77.70270008,CC_Dissociation
0013_5,-77.69411461,-77.69375799,CC_Dissociation
0013_6,-77.7050844,-77.70473036,CC_Dissociation
0013_7,-77.69131347,-77.69098835,CC_Dissociation
0013_8,-77.70289884,-77.7025941,CC_Dissociation
0013_9,-77.7046936,-77.70439127,CC_Dissociation
0014_2,-77.72343028,-77.72113213,H_Dissociation
0015_2,-77.71884737,-77.71255137,Twist
0015_3,-77.7839206,-77.78342001,Ethylidene_Bent
0015_4,-77.83286084,-77.83278247,Ethylidene_Bent
0016_2,-77.71168708,-77.70203015,H_Dissociation
0016_3,-77.72411587,-77.72240914,H_Dissociation
0017_2,-77.83747365,-77.83637488,Ethylidene_Straight
0017_3,-77.73982307,-77.7352613,Twist
0018_2,-77.70396254,-77.69931042,H_Dissociation
0018_3,-77.66553669,-77.65874365,Ethylidene_Bent
0018_4,-77.67665283,-77.66781524,Ethylidene_Bent
0019_2,-77.73771929,-77.73318349,Twist
0019_3,-77.76656318,-77.76496837,Twist
0020_2,-77.77548273,-77.77472871,Ethylidene_Straight
0020_3,-77.79972509,-77.79865551,Ethylidene_Bent
0020_4,-77.70357178,-77.69485979,Twist
0020_5,-77.75765341,-77.75411466,Twist
0021_2,-77.68442277,-77.67764531,H_Dissociation
0021_3,-77.78000908,-77.77724858,Ethylidene_Straight
0021_4,-77.79976713,-77.79729428,Ethylidene_Bent
0022_2,-77.74410398,-77.74009771,Twist
0022_3,-77.74511265,-77.73639967,Twist
0022_4,-77.79208711,-77.79091462,Ethylidene_Bent
0022_5,-77.70021806,-77.69529648,Ethylidene_Bent
0023_2,-77.78003311,-77.76881578,Twist
0023_3,-77.70018366,-77.69126119,H_Dissociation
0023_4,-77.76373203,-77.75373598,Ethylidene_Bent
0023_5,-77.74635046,-77.74513773,Ethylidene_Straight
0024_2,-77.70803444,-77.70632033,H_Dissociation
0025_2,-77.75036667,-77.74922526,Twist
0025_3,-77.79389995,-77.78864646,Twist
0026_2,-77.68343726,-77.68105809,Twist
0026_3,-77.76258484,-77.75567958,Ethylidene_Bent
0026_4,-77.80933794,-77.80832064,Ethylidene_Straight
0026_5,-77.81463634,-77.81267949,Ethylidene_Bent
0027_2,-77.73602382,-77.73072051,Ethylidene_Bent
0028_2,-77.68935512,-77.68806262,Ethylidene_Straight
0028_3,-77.70753751,-77.7024107,Ethylidene_Straight
0029_2,-77.6878781,-77.68190219,Twist
0029_3,-77.72876671,-77.72828716,Ethylidene_Straight
0029_4,-77.81123756,-77.80894216,Ethylidene_Bent
0030_2,-77.69703189,-77.69500434,Twist
0031_2,-77.74331055,-77.73255672,Twist
0031_3,-77.7670744,-77.75836149,Twist
0031_4,-77.77620948,-77.77356734,Twist
0032_2,-77.77540416,-77.76689576,Twist
0032_3,-77.74645223,-77.73734577,Twist
0032_4,-77.7590526,-77.7548012,0322_3
0033_2,-77.68943162,-77.68556132,Ethylidene_Straight
0033_3,-77.75444101,-77.75319206,Ethylidene_Bent
0034_2,-77.72951051,-77.72773345,Ethylidene_Straight
0035_2,-77.71964163,-77.717844,Ethylidene_Straight
0035_3,-77.72804322,-77.72491087,Ethylidene_Bent
0035_4,-77.76944462,-77.76869713,Ethylidene_Bent
0036_2,-77.72864986,-77.72691634,Twist
0036_3,-77.76798,-77.76730438,Twist
0037_2,-77.67313103,-77.66775172,H_Dissociation
0037_3,-77.68909119,-77.6868304,Twist
0038_2,-77.74488708,-77.74059933,Twist
0038_3,-77.81824499,-77.81616786,Twist
0039_2,-77.71336513,-77.70853926,Ethylidene_Straight
0039_3,-77.75175021,-77.74457732,Twist
0039_4,-77.7112873,-77.7032721,Ethylidene_Straight
0040_2,-77.7618661,-77.75577506,Twist
0040_3,-77.76543905,-77.76191038,Twist
0041_2,-77.70760864,-77.69923786,H_Dissociation
0041_3,-77.69894408,-77.6974603,H_Dissociation
0042_2,-77.77912945,-77.76762848,Twist
0042_3,-77.70470725,-77.7012234,Twist
0042_4,-77.71488849,-77.7071789,Twist
0043_2,-77.74832018,-77.74686787,Ethylidene_Straight
0043_3,-77.75642815,-77.75329898,Ethylidene_Bent
0044_2,-77.75008993,-77.74507227,Twist
0044_3,-77.76744852,-77.76465614,Twist
0044_4,-77.76204635,-77.75212403,Twist
0044_5,-77.75867734,-77.7515788,Twist
0045_2,-77.76157599,-77.76107533,Twist
0045_3,-77.73999037,-77.73794299,Twist
0046_2,-77.72042967,-77.7123658,Ethylidene_Straight
0046_3,-77.71746127,-77.71565613,Ethylidene_Bent
0047_2,-77.69353541,-77.69250933,Twist
0047_3,-77.7074901,-77.7026332,Twist
0048_2,-77.78812525,-77.7857133,Twist
0049_2,-77.70140482,-77.70079168,Twist
0049_3,-77.71368509,-77.70744631,Twist
0050_2,-77.72500269,-77.7236936,H_Dissociation
0051_2,-77.7123875,-77.70913875,Twist
0052_2,-77.73938056,-77.7293717,Twist
0052_3,-77.73844753,-77.73561898,Twist
0053_2,-77.71227674,-77.70998286,H_Dissociation
0054_2,-77.82618198,-77.82353299,Ethylidene_Bent
0054_3,-77.71995764,-77.71411833,Ethylidene_Straight
0054_4,-77.85764889,-77.85663206,Ethylidene_Bent
0055_3,-77.80362249,-77.80233613,Ethylidene_Bent
0055_4,-77.77431427,-77.77402848,Ethylidene_Straight
0056_2,-77.72745797,-77.72163067,Twist
0056_3,-77.7743819,-77.76764871,Twist
0056_4,-77.69013847,-77.68367753,Twist
0056_5,-77.70850134,-77.7016882,Twist
0056_6,-77.71696531,-77.71575212,Ethylidene_Bent
0057_2,-77.73125592,-77.72263428,Twist
0057_3,-77.78997175,-77.78128232,Twist
0057_4,-77.77512202,-77.77402945,Twist
0058_2,-77.72556875,-77.72006724,Ethylidene_Straight
0058_3,-77.7065061,-77.69978634,Ethylidene_Bent
0058_4,-77.74465043,-77.74290519,Ethylidene_Bent
0059_2,-77.69953817,-77.69084992,Twist
0059_3,-77.80250911,-77.80069335,Ethylidene_Bent
0060_2,-77.80154523,-77.80103323,Ethylidene_Bent
0060_3,-77.79740984,-77.79698741,Ethylidene_Bent
0061_2,-77.75501037,-77.74956888,Ethylidene_Bent
0061_3,-77.73167686,-77.73157447,Ethylidene_Bent
0061_4,-77.74994374,-77.74986194,Ethylidene_Bent
0061_5,-77.77162699,-77.77156429,Ethylidene_Bent
0063_2,-77.69378116,-77.68722189,Ethylidene_Straight
0063_3,-77.75045638,-77.74977198,Ethylidene_Straight
0063_4,-77.70944424,-77.70646929,Ethylidene_Bent
0063_5,-77.7873489,-77.7861598,Ethylidene_Bent
0064_2,-77.71567901,-77.71315342,Ethylidene_Bent
0064_3,-77.78931456,-77.78572569,Ethylidene_Straight
0064_4,-77.69644749,-77.69377679,Ethylidene_Straight
0065_2,-77.76565329,-77.7655605,Ethylidene_Straight
0066_2,-77.69949506,-77.69109118,Twist
0066_3,-77.70222083,-77.69877989,Twist
0066_4,-77.76257093,-77.75774884,Twist
0067_2,-77.68039636,-77.67792721,H_Dissociation
0067_3,-77.70100579,-77.69828853,Twist
0068_2,-77.70878927,-77.70150725,CC_Dissociation
0068_3,-77.71231202,-77.70961445,Twist
0069_2,-77.77748723,-77.77168497,Twist
0069_3,-77.76042291,-77.75769712,Twist
0070_2,-77.79825756,-77.7962262,Ethylidene_Straight
0071_2,-77.71086882,-77.7063424,H_Dissociation
0071_3,-77.70523762,-77.70177943,H_Dissociation
0071_4,-77.70170223,-77.70046113,Twist
0072_2,-77.68598495,-77.68563981,Twist
0073_2,-77.79172615,-77.78912231,Twist
0073_3,-77.75667774,-77.75428921,Ethylidene_Bent
0074_2,-77.68555714,-77.68424798,H_Dissociation
0075_10,-77.7063475,-77.70350806,Twist
0075_3,-77.83992741,-77.83812403,Ethylidene_Bent
0075_4,-77.79087487,-77.78730183,Ethylidene_Bent
0075_5,-77.75838355,-77.75616472,Ethylidene_Bent
0075_6,-77.72149807,-77.7198457,Ethylidene_Bent
0075_7,-77.6886186,-77.68813739,Ethylidene_Straight
0075_8,-77.74376168,-77.74325933,Twist
0075_9,-77.73219411,-77.73204907,Ethylidene_Bent
0076_2,-77.70725874,-77.69858308,Ethylidene_Bent
0076_3,-77.70004086,-77.69933274,H_Dissociation
0077_2,-77.75543301,-77.74443759,Twist
0077_3,-77.74381622,-77.73950726,Twist
0077_4,-77.74035393,-77.73295921,Twist
0078_2,-77.69896987,-77.69865038,Ethylidene_Straight
0078_3,-77.728434,-77.72396968,H_Dissociation
0078_4,-77.72331532,-77.71741814,Ethylidene_Bent
0078_5,-77.71110805,-77.70844112,H_Dissociation
0079_2,-77.71450086,-77.71121092,Ethylidene_Bent
0079_3,-77.7020706,-77.70006529,Ethylidene_Bent
0080_2,-77.71096805,-77.70879667,Twist
0080_3,-77.73290366,-77.73222527,Ethylidene_Bent
0081_2,-77.74937514,-77.74076527,Twist
0081_3,-77.76754165,-77.76619802,Twist
0081_4,-77.77354976,-77.77313069,Ethylidene_Bent
0082_2,-77.69629039,-77.69566037,Ethylidene_Bent
0083_2,-77.72177469,-77.7128167,Twist
0083_3,-77.72064917,-77.71756818,Twist
0084_2,-77.72138498,-77.72126658,H_Dissociation
0084_3,-77.72105529,-77.71991227,Ethylidene_Bent
0085_2,-77.70821036,-77.70402702,Ethylidene_Straight
0085_3,-77.71809787,-77.71629674,Twist
0086_2,-77.71100554,-77.71023057,Ethylidene_Straight
0086_3,-77.78038906,-77.77694088,Ethylidene_Bent
0086_4,-77.7524848,-77.75174531,Ethylidene_Bent
0087_2,-77.71109794,-77.70223117,H_Dissociation
0087_3,-77.6912747,-77.6900486,Twist
0088_2,-77.70036457,-77.69347742,H_Dissociation
0088_3,-77.73476317,-77.73263079,Ethylidene_Straight
0088_4,-77.68532241,-77.68436007,Ethylidene_Bent
0089_2,-77.71635296,-77.71095557,H_Dissociation
0089_3,-77.72304834,-77.71359925,H_Dissociation
0089_4,-77.69365696,-77.69272174,H_Dissociation
0090_2,-77.75673542,-77.75248902,Twist
0090_3,-77.80098555,-77.79659264,Twist
0091_2,-77.75389205,-77.7511496,Ethylidene_Straight
0091_3,-77.73604745,-77.73344161,Ethylidene_Bent
0091_4,-77.69052736,-77.68816036,Ethylidene_Bent
0092_2,-77.79258479,-77.79172628,Ethylidene_Bent
0092_3,-77.76837292,-77.76550264,Ethylidene_Straight
0093_2,-77.67162276,-77.6694398,CC_Dissociation
0094_2,-77.69869311,-77.68775327,Twist
0094_3,-77.76745455,-77.76593372,Twist
0095_2,-77.74646801,-77.74632124,Ethylidene_Straight
0095_3,-77.75327624,-77.7528365,Ethylidene_Bent
0095_4,-77.76139582,-77.75786821,Ethylidene_Straight
0095_5,-77.80305201,-77.80112747,Ethylidene_Straight
0095_6,-77.8161373,-77.81575922,Ethylidene_Bent
0095_7,-77.76060095,-77.76024744,Ethylidene_Straight
0096_2,-77.79858914,-77.79692012,Twist
0097_2,-77.78858789,-77.78689195,Twist
0097_3,-77.79544543,-77.78724417,Twist
0097_4,-77.77231114,-77.76595655,Twist
0097_5,-77.74066309,-77.73984372,Twist
0098_2,-77.76318597,-77.75776422,Twist
0098_3,-77.77404244,-77.77184696,Ethylidene_Bent
0099_2,-77.7176403,-77.71044064,H_Dissociation
0099_3,-77.73868261,-77.73491183,Twist
0100_2,-77.77618979,-77.77495749,Ethylidene_Straight
0100_3,-77.7212085,-77.72084207,Twist
0100_4,-77.71834918,-77.71766804,Twist
0101_2,-77.78449983,-77.78005639,Twist
0101_3,-77.74366145,-77.74191566,Twist
0102_2,-77.72288517,-77.71436395,H_Dissociation
0102_3,-77.70772634,-77.69756063,Twist
0102_4,-77.75421401,-77.746588,Twist
0102_5,-77.76228738,-77.76079753,Ethylidene_Straight
0103_2,-77.6933637,-77.68917815,CC_Dissociation
0103_3,-77.70445119,-77.69532852,CC_Dissociation
0103_4,-77.73321023,-77.72996207,Ethylidene_Bent
0103_5,-77.80011003,-77.79887845,Ethylidene_Bent
0104_2,-77.75670192,-77.74674777,Ethylidene_Bent
0104_3,-77.73435249,-77.72617627,Twist
0104_4,-77.73852128,-77.73832871,Ethylidene_Straight
0105_2,-77.71158417,-77.70960137,Ethylidene_Bent
0106_2,-77.76541821,-77.75962846,Twist
0106_3,-77.78756994,-77.78202939,Twist
0106_4,-77.80891277,-77.80653018,Twist
0107_2,-77.7538127,-77.74328391,Twist
0107_3,-77.73315463,-77.72822833,Twist
0107_4,-77.75320809,-77.75073772,Twist
0108_2,-77.70752186,-77.69883268,H_Dissociation
0108_3,-77.71191823,-77.70426233,H_Dissociation
0108_4,-77.72119069,-77.71833607,Ethylidene_Straight
0108_5,-77.68783165,-77.68674458,H_Dissociation
0109_2,-77.79073405,-77.78830461,Twist
0110_2,-77.73356855,-77.72267568,Twist
0110_3,-77.76825359,-77.76785418,Ethylidene_Straight
0110_4,-77.76899985,-77.76791095,Ethylidene_Straight
0110_5,-77.78434179,-77.783656,Ethylidene_Bent
0111_2,-77.77153618,-77.77017192,Twist
0112_2,-77.71995218,-77.71705653,Ethylidene_Straight
0112_3,-77.72045229,-77.71841738,H_Dissociation
0113_2,-77.75971376,-77.75410183,Twist
0113_3,-77.79443178,-77.79379267,Ethylidene_Straight
0114_2,-77.68104993,-77.68047734,Ethylidene_Straight
0115_2,-77.68869925,-77.68157066,H_Dissociation
0115_3,-77.71105074,-77.70594451,H_Dissociation
0115_4,-77.77309858,-77.77082086,Twist
0116_2,-77.7579193,-77.75112054,Twist
0116_3,-77.77776042,-77.77444363,Twist
0117_2,-77.74519127,-77.74267099,0904_3
0117_3,-77.8092072,-77.80766939,Ethylidene_Bent
0117_4,-77.77543122,-77.76916428,Twist
0118_2,-77.70169477,-77.69718532,Ethylidene_Bent
0118_3,-77.69762906,-77.69354257,H_Dissociation
0118_4,-77.71162427,-77.70329975,Ethylidene_Bent
0118_5,-77.69983342,-77.69833195,Ethylidene_Bent
0119_2,-77.76405536,-77.76247898,Ethylidene_Bent
0119_3,-77.72931688,-77.72777455,Ethylidene_Straight
0120_2,-77.74882283,-77.74793209,Twist
0120_3,-77.81123191,-77.81035177,Ethylidene_Bent
0120_4,-77.75052849,-77.75038357,Ethylidene_Bent
0121_2,-77.82447883,-77.82357668,Ethylidene_Bent
0121_3,-77.84549708,-77.84335873,Ethylidene_Bent
0122_2,-77.83137009,-77.83120307,Ethylidene_Bent
0122_3,-77.78280356,-77.78050662,Ethylidene_Bent
0122_4,-77.79792386,-77.79687535,Ethylidene_Bent
0123_2,-77.75795851,-77.75292583,Twist
0123_3,-77.74077495,-77.73317916,Twist
0123_4,-77.71736721,-77.71669049,Twist
0124_2,-77.72951039,-77.72884704,Ethylidene_Bent
0124_3,-77.72398067,-77.72371755,Ethylidene_Straight
0124_4,-77.79265521,-77.79003421,Ethylidene_Bent
0125_2,-77.76858026,-77.76824763,Ethylidene_Straight
0125_3,-77.74749818,-77.74609125,Ethylidene_Straight
0125_4,-77.71130011,-77.70820028,Ethylidene_Straight
0125_5,-77.72094028,-77.72079974,Ethylidene_Straight
0125_6,-77.76653273,-77.76586996,Ethylidene_Straight
0126_2,-77.81303973,-77.81290558,Ethylidene_Straight
0126_3,-77.74461264,-77.74275996,Ethylidene_Straight
0127_2,-77.66714575,-77.66154145,H_Dissociation
0127_3,-77.651341,-77.6439709,H_Dissociation
0127_4,-77.76343224,-77.76321164,Twist
0128_2,-77.71182416,-77.70631081,CC_Dissociation
0128_4,-77.69615436,-77.68929672,Twist
0129_2,-77.71023328,-77.70170569,Twist
0129_3,-77.71413522,-77.70949896,Twist
0129_4,-77.64554592,-77.64276521,Ethylidene_Straight
0129_5,-77.76216372,-77.75585324,Twist
0130_2,-77.73988644,-77.73856158,Twist
0131_2,-77.68522043,-77.68106398,Ethylidene_Bent
0131_3,-77.76238638,-77.75884981,Twist
0132_2,-77.78544105,-77.78070251,Twist
0132_3,-77.78443548,-77.78335885,Twist
0132_4,-77.73806739,-77.73118196,Twist
0133_2,-77.7200705,-77.71032216,Ethylidene_Straight
0133_3,-77.70400148,-77.69437754,Ethylidene_Straight
0133_4,-77.69582191,-77.68507068,H_Dissociation
0133_5,-77.70508111,-77.70281335,H_Dissociation
0134_2,-77.76469681,-77.7614624,Twist
0134_3,-77.74873506,-77.74677628,Twist
0135_2,-77.7769919,-77.77388565,Twist
0136_2,-77.73080799,-77.72563194,Ethylidene_Straight
0136_3,-77.72059794,-77.71881562,Ethylidene_Bent
0136_4,-77.75399966,-77.7532579,Ethylidene_Bent
0137_2,-77.68953315,-77.68311748,Ethylidene_Straight
0138_2,-77.68843079,-77.68561998,Twist
0139_2,-77.7507899,-77.74791305,Twist
0139_3,-77.78999798,-77.78666593,Twist
0140_2,-77.70726327,-77.7057651,H_Dissociation
0141_2,-77.71831824,-77.71063187,H_Dissociation
0141_3,-77.67565697,-77.67467023,H_Dissociation
0142_2,-77.7618437,-77.75458909,Twist
0142_3,-77.73044744,-77.7226605,Twist
0142_4,-77.7549148,-77.75119403,Ethylidene_Bent
0142_5,-77.82712177,-77.82703497,Ethylidene_Bent
0143_2,-77.75516524,-77.74892146,Twist
0143_3,-77.75830521,-77.75172991,Twist
0143_4,-77.7323124,-77.72894345,Ethylidene_Straight
0144_2,-77.74008199,-77.73923102,Ethylidene_Bent
0144_3,-77.7337976,-77.73293892,H_Dissociation
0144_4,-77.79243201,-77.79203578,Ethylidene_Straight
0146_2,-77.72946842,-77.72448712,Twist
0146_3,-77.74489411,-77.7379667,Twist
0146_4,-77.70389359,-77.70353211,Twist
0146_5,-77.69868692,-77.6984555,CC_Dissociation
0146_6,-77.69311767,-77.69283171,CC_Dissociation
0146_7,-77.69545727,-77.69517899,CC_Dissociation
0146_8,-77.69063405,-77.69047382,CC_Dissociation
0146_9,-77.69338334,-77.69331509,CC_Dissociation
0147_2,-77.77062909,-77.76905621,Ethylidene_Bent
0147_3,-77.72166613,-77.71853577,Ethylidene_Bent
0148_2,-77.72610419,-77.71714442,Twist
0148_3,-77.81110155,-77.80443449,Twist
0148_4,-77.71894508,-77.71192237,Twist
0148_5,-77.76889621,-77.76352038,Twist
0149_2,-77.70146027,-77.69299335,H_Dissociation
0149_4,-77.77682143,-77.77647845,Ethylidene_Straight
0150_2,-77.82775761,-77.82718031,Ethylidene_Bent
0151_2,-77.73556202,-77.72772404,Ethylidene_Straight
0151_3,-77.82584973,-77.82553946,Ethylidene_Straight
0151_4,-77.79143542,-77.78279163,Twist
0151_5,-77.75850403,-77.7571739,Ethylidene_Straight
0151_6,-77.77845808,-77.77775236,Ethylidene_Bent
0151_7,-77.79358796,-77.7934274,Ethylidene_Bent
0151_8,-77.74278531,-77.74002466,Ethylidene_Bent
0152_2,-77.69867691,-77.69712143,Ethylidene_Bent
0153_2,-77.78802943,-77.78176245,Twist
0153_3,-77.79217838,-77.79159515,Ethylidene_Bent
0153_4,-77.80952698,-77.80923749,Ethylidene_Bent
0154_2,-77.77904596,-77.77795274,Twist
0155_2,-77.74540887,-77.73642592,Twist
0155_3,-77.71399148,-77.70367004,Twist
0155_4,-77.70887117,-77.70388431,Twist
0156_2,-77.70828548,-77.70641469,Twist
0157_2,-77.69764504,-77.69565429,H_Dissociation
0157_3,-77.67197495,-77.67001723,H_Dissociation
0158_2,-77.66005377,-77.65932671,Ethylidene_Bent
0158_3,-77.69816124,-77.69345173,HH_Dissociation
0158_4,-77.73396328,-77.72872801,HH_Dissociation
0159_2,-77.72597378,-77.72485054,Ethylidene_Bent
0159_3,-77.76306574,-77.76027906,Ethylidene_Bent
0159_4,-77.75040084,-77.74902068,Twist
0160_2,-77.75757972,-77.7486773,Twist
0160_3,-77.66789237,-77.66466917,H_Dissociation
0161_2,-77.783682,-77.77979956,Twist
0161_3,-77.70148714,-77.69910988,Ethylidene_Straight
0162_2,-77.69726787,-77.69534525,Ethylidene_Straight
0163_2,-77.76756498,-77.76476098,Twist
0163_3,-77.7850892,-77.78460918,Ethylidene_Bent
0164_2,-77.75178093,-77.74923831,Twist
0164_3,-77.76602952,-77.76000106,Twist
0165_3,-77.75809319,-77.75780873,Ethylidene_Bent
0166_2,-77.78232854,-77.77982391,Ethylidene_Straight
0166_3,-77.80840102,-77.80593597,Ethylidene_Bent
0166_4,-77.750797,-77.74877362,Ethylidene_Bent
0167_2,-77.76572173,-77.76335027,Twist
0168_2,-77.79333996,-77.7931376,Ethylidene_Bent
0168_3,-77.74804764,-77.74560768,Ethylidene_Bent
0168_4,-77.75180919,-77.75042051,Ethylidene_Bent
0169_2,-77.72712856,-77.72607569,Twist
0169_3,-77.76855513,-77.76721293,Twist
0170_3,-77.76960731,-77.76652135,Twist
0171_2,-77.80140745,-77.80062144,Twist
0171_3,-77.72702179,-77.72233278,Twist
0171_4,-77.77663694,-77.77594992,Ethylidene_Straight
0172_2,-77.70363531,-77.70017125,Ethylidene_Straight
0172_3,-77.79081733,-77.78833717,Twist
0173_2,-77.79407094,-77.7898285,Twist
0173_3,-77.76264512,-77.75395758,Twist
0174_2,-77.79532215,-77.79392238,Ethylidene_Bent
0174_3,-77.7449352,-77.74387978,Ethylidene_Straight
0174_4,-77.71450848,-77.71394363,Ethylidene_Bent
0175_2,-77.71910433,-77.71581718,Twist
0175_3,-77.73300115,-77.73285179,Ethylidene_Straight
0176_2,-77.81448302,-77.8110967,Ethylidene_Bent
0176_3,-77.79077271,-77.78810252,Ethylidene_Bent
0177_2,-77.70153921,-77.6924141,Ethylidene_Straight
0177_3,-77.68217285,-77.67191031,Ethylidene_Straight
0177_4,-77.7843125,-77.78272071,Ethylidene_Bent
0177_5,-77.77110984,-77.77057913,Ethylidene_Straight
0177_6,-77.72396387,-77.72133705,Ethylidene_Straight
0178_2,-77.78488623,-77.78424967,Ethylidene_Bent
0178_3,-77.73013276,-77.72965547,Ethylidene_Bent
0179_2,-77.69134098,-77.68929404,Ethylidene_Straight
0180_2,-77.71983123,-77.71089642,Twist
0180_3,-77.8142605,-77.8138274,Ethylidene_Bent
0180_4,-77.76173672,-77.76149752,Ethylidene_Bent
0181_2,-77.71147588,-77.70456988,H_Dissociation
0181_3,-77.69923602,-77.6895794,Ethylidene_Bent
0181_4,-77.69072209,-77.68711936,Ethylidene_Bent
0182_2,-77.76905693,-77.76157302,Twist
0182_3,-77.73122432,-77.72960985,Twist
0183_2,-77.71134082,-77.70831806,H_Dissociation
0183_3,-77.70760458,-77.70501382,H_Dissociation
0184_2,-77.69488541,-77.69339808,Ethylidene_Straight
0186_2,-77.70109228,-77.69487764,Ethylidene_Bent
0186_3,-77.69878156,-77.69347753,Ethylidene_Bent
0186_4,-77.68969363,-77.68615141,Ethylidene_Straight
0187_2,-77.76704146,-77.76490139,Ethylidene_Bent
0187_3,-77.78932023,-77.78853922,Ethylidene_Straight
0187_4,-77.80580567,-77.80557441,Ethylidene_Bent
0187_5,-77.74165103,-77.74154723,Ethylidene_Bent
0188_3,-77.73471687,-77.72491182,Twist
0188_4,-77.73127402,-77.72811919,Twist
0189_2,-77.72161754,-77.71826176,Ethylidene_Bent
0189_3,-77.70820308,-77.70754742,H_Dissociation
0190_2,-77.70864085,-77.70789487,Ethylidene_Bent
0190_3,-77.75626797,-77.75216674,Ethylidene_Straight
0190_4,-77.83348936,-77.83326602,Ethylidene_Bent
0191_2,-77.73615524,-77.73562833,Ethylidene_Bent
0191_3,-77.81016773,-77.80846499,Ethylidene_Bent
0191_4,-77.76052488,-77.75798785,Ethylidene_Straight
0192_2,-77.77128019,-77.77124189,Ethylidene_Bent
0192_3,-77.83688105,-77.83602631,Ethylidene_Bent
0192_4,-77.74010623,-77.739724,Ethylidene_Straight
0192_5,-77.7202769,-77.71482996,Twist
0192_6,-77.78896759,-77.78668346,Ethylidene_Bent
0193_2,-77.78922335,-77.78594408,Twist
0193_3,-77.71754199,-77.71721794,Twist
0194_2,-77.68574462,-77.68423351,Twist
0194_3,-77.69007977,-77.68579806,Twist
0194_4,-77.69694384,-77.6953154,Twist
0194_5,-77.73611672,-77.72954564,Twist
0195_2,-77.71127076,-77.6992135,CC_Dissociation
0195_3,-77.71464522,-77.70526906,CC_Dissociation
0195_4,-77.74069032,-77.73494233,Twist
0195_5,-77.78710359,-77.78261198,Twist
0196_2,-77.77928463,-77.77830631,Ethylidene_Bent
0196_3,-77.76653448,-77.76522768,Ethylidene_Bent
0197_2,-77.76645823,-77.7593844,Twist
0197_3,-77.75710827,-77.75447963,Ethylidene_Straight
0197_4,-77.85336582,-77.85308802,Ethylidene_Bent
0197_5,-77.74840082,-77.74746586,Ethylidene_Straight
0198_3,-77.68692543,-77.68059398,H_Dissociation
0198_4,-77.70608377,-77.69588868,H_Dissociation
0199_2,-77.72789642,-77.72638,Twist
0200_2,-77.73505634,-77.73269195,Twist
0201_2,-77.68796901,-77.68301533,H_Dissociation
0201_3,-77.70216751,-77.70053486,Ethylidene_Straight
0203_2,-77.72352565,-77.71350404,Ethylidene_Bent
0203_3,-77.70233894,-77.69281974,Ethylidene_Bent
0203_4,-77.7234676,-77.72193997,Twist
0204_2,-77.80145572,-77.79979094,Ethylidene_Bent
0204_3,-77.84934432,-77.84928706,Ethylidene_Bent
0205_2,-77.72240998,-77.69149786,Twist
0205_3,-77.69479456,-77.69375291,Twist
0206_2,-77.70769672,-77.69822981,Ethylidene_Bent
0206_3,-77.7083579,-77.70745064,Ethylidene_Straight
0207_2,-77.74606162,-77.73914613,Tilted_saddle
0207_3,-77.7086376,-77.70780383,Ethylidene_Straight
0208_2,-77.77770974,-77.77643024,Ethylidene_Bent
0208_3,-77.79492146,-77.79470504,Ethylidene_Bent
0208_4,-77.76879938,-77.76770962,Ethylidene_Bent
0208_5,-77.79060641,-77.78967882,Ethylidene_Bent
0208_6,-77.77636074,-77.77527045,Ethylidene_Bent
0208_7,-77.72940094,-77.72702745,Ethylidene_Bent
0209_2,-77.76238756,-77.76069441,Twist
0210_2,-77.74375327,-77.74364964,Ethylidene_Bent
0210_3,-77.77987952,-77.77851938,Ethylidene_Bent
0210_4,-77.70069086,-77.69712535,Ethylidene_Bent
0211_2,-77.70357386,-77.69460385,H_Dissociation
0211_3,-77.70675236,-77.70059244,H_Dissociation
0211_4,-77.71157164,-77.70324085,H_Dissociation
0211_5,-77.72141233,-77.72017276,H_Dissociation
0212_2,-77.73582767,-77.73313954,H_Dissociation
0212_3,-77.71392779,-77.70818296,Ethylidene_Bent
0213_2,-77.79135596,-77.7902487,Twist
0213_3,-77.78034474,-77.77901137,Ethylidene_Straight
0214_2,-77.78686468,-77.78672854,Ethylidene_Straight
0214_3,-77.8171669,-77.8155663,Twist
0214_4,-77.72847498,-77.71860968,Twist
0215_2,-77.71460773,-77.71065292,Twist
0215_3,-77.75806156,-77.74964881,Twist
0215_4,-77.73857639,-77.73696715,Ethylidene_Bent
0216_2,-77.75005961,-77.74959255,Ethylidene_Bent
0217_2,-77.79248835,-77.79162153,Ethylidene_Bent
0218_2,-77.70765075,-77.70611425,H_Dissociation
0219_2,-77.76193919,-77.75626027,Twist
0219_3,-77.78204167,-77.78065191,Twist
0220_2,-77.7305722,-77.72048348,Twist
0220_3,-77.74730209,-77.7464725,Twist
0221_2,-77.72387254,-77.7222832,Ethylidene_Straight
0222_2,-77.75295043,-77.7527382,Ethylidene_Bent
0222_3,-77.75529671,-77.75133746,Ethylidene_Bent
0222_4,-77.74846567,-77.74836206,Ethylidene_Bent
0222_5,-77.70249341,-77.70078662,Ethylidene_Straight
0223_2,-77.74952206,-77.74787351,Twist
0224_2,-77.71797385,-77.70803418,Ethylidene_Straight
0224_3,-77.84115075,-77.84064613,Ethylidene_Straight
0224_4,-77.78583124,-77.78511662,Ethylidene_Bent
0225_2,-77.72782679,-77.72640576,Ethylidene_Straight
0225_3,-77.80679093,-77.80601612,Ethylidene_Bent
0226_2,-77.71876353,-77.71282371,Twist
0226_3,-77.80337712,-77.80114612,Twist
0227_2,-77.71516309,-77.70868808,Twist
0227_3,-77.73010581,-77.72995427,Ethylidene_Straight
0228_2,-77.71931523,-77.70879679,H_Dissociation
0228_4,-77.7627476,-77.75800762,Ethylidene_Bent
0228_5,-77.77799699,-77.77709804,Ethylidene_Bent
0228_6,-77.7687749,-77.76744353,Ethylidene_Bent
0229_2,-77.70210159,-77.6957836,H_Dissociation
0229_3,-77.71594008,-77.713521,H_Dissociation
0230_2,-77.70926249,-77.70737202,H_Dissociation
0230_3,-77.69092755,-77.68905105,H_Dissociation
0231_2,-77.80746499,-77.80139681,Twist
0231_3,-77.75852996,-77.74841008,Twist
0231_4,-77.77640978,-77.77432652,Twist
0232_2,-77.69284896,-77.68426546,H_Dissociation
0232_3,-77.69634419,-77.69208679,H_Dissociation
0232_4,-77.6978756,-77.68861208,Ethylidene_Straight
0233_2,-77.77748958,-77.77722479,Ethylidene_Bent
0233_3,-77.74550859,-77.74420761,Ethylidene_Bent
0233_4,-77.7915841,-77.79057712,Ethylidene_Bent
0233_5,-77.72544087,-77.72309955,Ethylidene_Straight
0234_2,-77.75943719,-77.75552311,Twist
0234_3,-77.80580348,-77.80483269,Ethylidene_Bent
0234_4,-77.74517202,-77.74066763,Ethylidene_Straight
0234_5,-77.83862424,-77.83743019,Ethylidene_Bent
0235_2,-77.68147255,-77.68061065,Ethylidene_Straight
0235_3,-77.70487861,-77.69830513,H_Dissociation
0236_2,-77.69329868,-77.69031539,H_Dissociation
0237_2,-77.75537709,-77.75263029,Twist
0238_2,-77.69601123,-77.69403898,CC_Dissociation
0238_3,-77.70239625,-77.69792437,Twist
0239_2,-77.6897765,-77.6805049,H_Dissociation
0239_3,-77.69582302,-77.68754794,H_Dissociation
0239_4,-77.73782415,-77.73407954,Ethylidene_Bent
0239_5,-77.74083803,-77.7392008,Ethylidene_Straight
0240_2,-77.68377195,-77.67904475,H_Dissociation
0240_3,-77.72102254,-77.7208101,Ethylidene_Bent
0240_4,-77.76295143,-77.76091765,Twist
0241_2,-77.7478264,-77.74476606,Twist
0241_3,-77.73157783,-77.7242192,Twist
0241_4,-77.79817368,-77.78773327,Twist
0241_5,-77.76617484,-77.76548682,Twist
0242_2,-77.74110869,-77.73337562,Twist
0242_3,-77.73343704,-77.73078158,Twist
0243_2,-77.71877533,-77.7170864,H_Dissociation
0244_2,-77.77140757,-77.77074528,Ethylidene_Straight
0244_3,-77.7615808,-77.76124504,Ethylidene_Bent
0245_3,-77.75172176,-77.75107779,Ethylidene_Bent
0245_4,-77.79446184,-77.79363519,Ethylidene_Straight
0245_5,-77.78595563,-77.78423855,Ethylidene_Straight
0245_6,-77.79974894,-77.79869374,Ethylidene_Bent
0246_2,-77.74706589,-77.74364295,Ethylidene_Straight
0246_3,-77.74756292,-77.74385976,Twist
0247_2,-77.71962702,-77.71694304,Twist
0247_3,-77.74937761,-77.74242292,Twist
0247_4,-77.74577055,-77.74517333,Ethylidene_Bent
0248_2,-77.69385717,-77.6846164,Ethylidene_Straight
0248_3,-77.7538964,-77.74608494,Twist
0248_4,-77.71984682,-77.71938695,Ethylidene_Straight
0249_2,-77.731055,-77.73061387,Twist
0249_3,-77.71470603,-77.71372103,Twist
0249_4,-77.75065572,-77.74138393,Twist
0249_5,-77.71801446,-77.70945194,Twist
0249_6,-77.76783758,-77.76199805,Twist
0250_2,-77.73834416,-77.73390894,Twist
0250_3,-77.73786865,-77.73429969,Twist
0251_2,-77.77570079,-77.7749348,Ethylidene_Straight
0251_3,-77.71386634,-77.70670992,Twist
0251_4,-77.71727863,-77.71667895,Ethylidene_Straight
0252_2,-77.71979412,-77.71060798,Twist
0253_2,-77.67918386,-77.67855265,Twist
0253_3,-77.66350502,-77.65325101,CC_Dissociation
0254_2,-77.71772387,-77.71217852,Twist
0254_3,-77.72220656,-77.71234396,Twist
0254_4,-77.74439059,-77.73888649,Twist
0255_2,-77.78315459,-77.77861235,Twist
0256_2,-77.71767467,-77.71334329,Ethylidene_Straight
0256_3,-77.72441198,-77.72387597,H_Dissociation
0256_4,-77.72338329,-77.69451457,H_Dissociation
0256_5,-77.69295507,-77.69145124,H_Dissociation
0257_2,-77.82811523,-77.82755637,Ethylidene_Bent
0257_3,-77.76063019,-77.75773356,Ethylidene_Bent
0257_4,-77.73035201,-77.72968501,Ethylidene_Straight
0257_5,-77.77503348,-77.77416181,Ethylidene_Straight
0258_2,-77.71853896,-77.71520443,H_Dissociation
0258_3,-77.70847666,-77.70242572,H_Dissociation
0259_2,-77.71357222,-77.71043565,Ethylidene_Straight
0259_3,-77.69718965,-77.69251714,Ethylidene_Straight
0260_2,-77.76961994,-77.76360482,Twist
0260_3,-77.73311896,-77.73181315,Twist
0261_2,-77.68233158,-77.67516942,Twist
0261_3,-77.66595389,-77.66252308,H_Dissociation
0262_2,-77.70032614,-77.69486529,H_Dissociation
0262_3,-77.69380222,-77.68686559,H_Dissociation
0262_4,-77.70402317,-77.699207,Ethylidene_Straight
0263_2,-77.80511672,-77.80479988,Ethylidene_Bent
0263_3,-77.81137659,-77.81122826,Ethylidene_Bent
0263_4,-77.77044859,-77.77025494,Ethylidene_Bent
0263_5,-77.80696013,-77.80622835,Ethylidene_Bent
0263_6,-77.82099712,-77.82072823,Ethylidene_Straight
0263_7,-77.7753965,-77.77171615,Ethylidene_Straight
0263_8,-77.81489862,-77.81445539,Ethylidene_Straight
0263_9,-77.80922729,-77.8092164,Ethylidene_Bent
0264_2,-77.75706678,-77.7532822,Twist
0264_3,-77.76013472,-77.75841255,Twist
0265_2,-77.72555519,-77.71795152,Twist
0265_3,-77.77174777,-77.76721194,Twist
0266_2,-77.70871099,-77.7069695,H_Dissociation
0266_3,-77.75806801,-77.74963245,Ethylidene_Bent
0267_2,-77.7174893,-77.71676391,Twist
0267_3,-77.67520738,-77.67511323,Ethylidene_Straight
0267_4,-77.78406954,-77.78399309,Ethylidene_Straight
0267_5,-77.75525527,-77.75154298,Ethylidene_Straight
0268_2,-77.74571512,-77.73547346,Twist
0268_3,-77.76229753,-77.76213659,Ethylidene_Bent
0268_4,-77.79692184,-77.79580439,Ethylidene_Straight
0268_5,-77.76176029,-77.7611187,Ethylidene_Straight
0268_6,-77.81090399,-77.81053153,Ethylidene_Straight
0269_2,-77.72260732,-77.71875588,H_Dissociation
0269_3,-77.77493501,-77.77011981,Twist
0270_2,-77.74283172,-77.74143788,Twist
0271_2,-77.72919637,-77.7265344,Ethylidene_Bent
0271_3,-77.72925681,-77.72756405,Ethylidene_Bent
0272_2,-77.7001164,-77.69387638,H_Dissociation
0272_3,-77.70293751,-77.69887715,H_Dissociation
0273_2,-77.74273524,-77.7355965,Twist
0273_3,-77.82671491,-77.82645633,Ethylidene_Bent
0273_4,-77.79641002,-77.79560847,Ethylidene_Bent
0273_5,-77.80669184,-77.80554334,Ethylidene_Bent
0273_6,-77.79912159,-77.79898716,Ethylidene_Bent
0273_7,-77.76810188,-77.76257371,Ethylidene_Straight
0274_2,-77.74665891,-77.74561828,Twist
0275_2,-77.78298015,-77.77456116,Twist
0275_3,-77.77935276,-77.76765725,Twist
0275_4,-77.806842,-77.79879892,Twist
0275_5,-77.72237289,-77.72017217,Twist
0275_6,-77.75921254,-77.75357677,Twist
0276_2,-77.7919812,-77.78473862,Twist
0276_3,-77.80377548,-77.7960495,Twist
0276_4,-77.77166296,-77.77130776,Twist
0277_2,-77.75983539,-77.75885084,Ethylidene_Bent
0277_3,-77.77041964,-77.76987322,Ethylidene_Bent
0278_2,-77.75062103,-77.7419676,Twist
0278_3,-77.79922469,-77.79591265,Twist
0279_2,-77.69946747,-77.69712263,Twist
0279_3,-77.84940656,-77.84660116,Ethylidene_Bent
0280_2,-77.77957513,-77.77101898,Twist
0280_3,-77.75892267,-77.75477244,Twist
0280_4,-77.78112752,-77.77617029,Twist
0281_2,-77.68927023,-77.68570578,Ethylidene_Bent
0281_3,-77.69584743,-77.68191847,Ethylidene_Straight
0281_4,-77.72143506,-77.71291367,Twist
0281_5,-77.72435526,-77.72146504,Ethylidene_Bent
0283_2,-77.71082242,-77.71015566,Ethylidene_Bent
0283_3,-77.7151365,-77.71302531,Ethylidene_Straight
0284_2,-77.71260784,-77.71089995,H_Dissociation
0285_2,-77.8491769,-77.84831453,Ethylidene_Bent
0285_3,-77.83145698,-77.82927058,Ethylidene_Bent
0285_4,-77.74721289,-77.74617635,Ethylidene_Bent
0287_2,-77.70503678,-77.70434659,Twist
0287_3,-77.7678657,-77.76015255,Twist
0287_4,-77.62809531,-77.62612621,H_Dissociation
0288_2,-77.74650314,-77.7405863,Twist
0288_3,-77.76681873,-77.76502872,Twist
0289_2,-77.77063771,-77.76732593,Twist
0289_3,-77.76618213,-77.76387662,Twist
0290_2,-77.7774542,-77.76694525,Twist
0290_3,-77.7881726,-77.77984963,Twist
0290_4,-77.79259658,-77.79218439,Ethylidene_Bent
0290_5,-77.74430232,-77.74056971,Ethylidene_Bent
0290_6,-77.79906488,-77.79820958,Ethylidene_Straight
0291_2,-77.75848772,-77.75253229,Twist
0291_3,-77.74133619,-77.73853721,Twist
0292_2,-77.70077191,-77.69960503,Twist
0293_2,-77.70625233,-77.70141428,H_Dissociation
0293_3,-77.71713216,-77.7126735,H_Dissociation
0293_4,-77.67561818,-77.66926134,H_Dissociation
0293_5,-77.67920957,-77.67632123,H_Dissociation
0294_2,-77.69111807,-77.68586883,Ethylidene_Straight
0294_3,-77.81102315,-77.81061654,Ethylidene_Straight
0295_2,-77.69752517,-77.69707834,Twist
0295_3,-77.687078,-77.68652632,Twist
0296_2,-77.72083803,-77.72002428,H_Dissociation
0297_2,-77.77636336,-77.7752595,Twist
0297_3,-77.76643767,-77.76320885,Twist
0298_2,-77.69715341,-77.69309486,H_Dissociation
0298_3,-77.72234855,-77.71740322,H_Dissociation
0299_2,-77.69688009,-77.69659793,CC_Dissociation
0299_3,-77.6987171,-77.69856257,CC_Dissociation
0299_4,-77.70170092,-77.70150508,CC_Dissociation
0300_2,-77.75389944,-77.75019658,Twist
0300_3,-77.75633747,-77.75014887,Twist
0300_4,-77.74425244,-77.7334453,Ethylidene_Bent
0301_2,-77.73528781,-77.72956514,Twist
0301_3,-77.79472452,-77.79061724,Twist
0301_4,-77.73493104,-77.73262707,Twist
0302_2,-77.67814373,-77.66942127,Ethylidene_Bent
0302_3,-77.70957634,-77.70559717,H_Dissociation
0303_2,-77.73424533,-77.73248198,Twist
0304_2,-77.83874822,-77.83815252,Ethylidene_Bent
0305_2,-77.71325865,-77.70819343,Ethylidene_Straight
0305_3,-77.76776482,-77.76732893,Ethylidene_Straight
0306_2,-77.75422696,-77.75188166,Twist
0307_2,-77.79035647,-77.78414336,Twist
0307_3,-77.80411318,-77.8036277,Ethylidene_Straight
0307_4,-77.77706731,-77.77610636,Ethylidene_Bent
0307_5,-77.76427706,-77.76370842,Ethylidene_Bent
0308_2,-77.78812962,-77.78769568,Ethylidene_Straight
0308_3,-77.79239262,-77.7923052,Ethylidene_Straight
0308_4,-77.77509908,-77.77307005,Ethylidene_Straight
0308_5,-77.78385989,-77.78313662,Ethylidene_Straight
0308_6,-77.74860568,-77.74757879,Ethylidene_Bent
0308_7,-77.80993349,-77.8088749,Ethylidene_Bent
0309_2,-77.70807498,-77.70772628,Ethylidene_Bent
0309_3,-77.69291911,-77.68182592,Ethylidene_Straight
0309_4,-77.75288311,-77.75224858,Ethylidene_Straight
0309_5,-77.70867355,-77.70814306,Ethylidene_Bent
0310_2,-77.69936557,-77.69431372,Twist
0310_3,-77.75589269,-77.75251275,Twist
0311_2,-77.70661415,-77.69863337,H_Dissociation
0311_3,-77.71814468,-77.71057699,Ethylidene_Bent
0311_4,-77.68255081,-77.68015032,H_Dissociation
0311_5,-77.72509076,-77.71721452,H_Dissociation
0312_2,-77.71709795,-77.71466753,Twist
0312_3,-77.79615113,-77.79369015,Ethylidene_Bent
0313_2,-77.79120095,-77.78715009,Twist
0313_3,-77.77845852,-77.7772165,Ethylidene_Bent
0314_2,-77.82876532,-77.82687634,Ethylidene_Straight
0314_3,-77.74339973,-77.74280442,Ethylidene_Bent
0315_2,-77.71528108,-77.71241866,Twist
0315_3,-77.79401131,-77.78640743,Twist
0316_2,-77.71904994,-77.7177118,Ethylidene_Straight
0317_2,-77.77442917,-77.77215316,Twist
0318_2,-77.68615702,-77.67860458,H_Dissociation
0318_3,-77.70563977,-77.70024431,H_Dissociation
0318_4,-77.75362599,-77.75084819,Twist
0319_2,-77.70927205,-77.70205764,Ethylidene_Bent
0319_3,-77.70352165,-77.69280562,H_Dissociation
0319_4,-77.72366054,-77.72183771,Ethylidene_Bent
0320_2,-77.71720339,-77.70893275,Ethylidene_Bent
0320_3,-77.69239734,-77.68265152,Ethylidene_Straight
0320_4,-77.75659021,-77.74812384,Twist
0320_5,-77.81084028,-77.80112389,Twist
0320_6,-77.73834306,-77.73588618,Twist
0321_2,-77.67290682,-77.67137262,Ethylidene_Bent
0321_4,-77.77734825,-77.77477446,Twist
0322_2,-77.75613174,-77.75222217,Twist
0323_2,-77.69352366,-77.68745648,Twist
0323_3,-77.7044508,-77.70174148,Twist
0324_2,-77.72220458,-77.71882027,Twist
0324_3,-77.72168019,-77.72047278,Twist
0325_2,-77.71746284,-77.71433726,H_Dissociation
0325_3,-77.77205618,-77.76439561,Twist
0326_2,-77.76467236,-77.76343729,Twist
0326_3,-77.78690707,-77.78259212,Twist
0327_2,-77.69565008,-77.69539913,H_Dissociation
0327_3,-77.6853927,-77.68125141,H_Dissociation
0328_10,-77.75804319,-77.75716942,Ethylidene_Bent
0328_2,-77.73173545,-77.73103123,Ethylidene_Bent
0328_3,-77.76378537,-77.76266157,Ethylidene_Straight
0328_4,-77.75114589,-77.74908744,Ethylidene_Straight
0328_5,-77.7562818,-77.75527618,Ethylidene_Bent
0328_6,-77.79543782,-77.79515818,Ethylidene_Straight
0328_7,-77.76059374,-77.76003362,Ethylidene_Straight
0328_8,-77.77785816,-77.77488714,Ethylidene_Bent
0328_9,-77.82493638,-77.82237086,Ethylidene_Bent
0329_2,-77.72136118,-77.71859133,Twist
0329_3,-77.76607844,-77.75754446,Ethylidene_Bent
0329_4,-77.776574,-77.77530831,Ethylidene_Bent
0330_2,-77.71793125,-77.71136199,Ethylidene_Straight
0330_3,-77.80684542,-77.79933662,Twist
0330_4,-77.76903984,-77.7676141,Twist
0331_2,-77.7822868,-77.77349884,Twist
0331_3,-77.72389843,-77.72181551,Ethylidene_Straight
0332_2,-77.76527778,-77.7577154,Twist
0332_3,-77.76856396,-77.76130899,Twist
0332_4,-77.70857193,-77.70311134,0904_3
0332_5,-77.78489082,-77.78454737,Ethylidene_Straight
0332_6,-77.76402591,-77.75808944,Twist
0333_2,-77.74855521,-77.74363202,Twist
0333_3,-77.73071165,-77.73025826,Ethylidene_Bent
0334_2,-77.73951067,-77.73358077,Twist
0334_3,-77.73521691,-77.73143301,Twist
0334_4,-77.73636979,-77.73378868,Ethylidene_Straight
0334_5,-77.7470263,-77.74687637,Ethylidene_Bent
0334_6,-77.71247674,-77.71238884,Ethylidene_Bent
0335_2,-77.67144967,-77.67086201,CC_Dissociation
0336_2,-77.71531881,-77.70901114,H_Dissociation
0336_3,-77.71636818,-77.70629914,H_Dissociation
0336_5,-77.69658356,-77.69246415,Twist
0337_2,-77.7468671,-77.74521776,Twist
0338_2,-77.70531902,-77.70102664,Ethylidene_Straight
0338_3,-77.77794936,-77.77782421,Ethylidene_Straight
0338_4,-77.72242162,-77.72117001,Ethylidene_Straight
0339_2,-77.7107208,-77.70097072,CC_Dissociation
0339_3,-77.75370485,-77.7531295,Ethylidene_Straight
0339_4,-77.71731426,-77.71481636,Ethylidene_Bent
0339_5,-77.76348494,-77.76332108,Ethylidene_Straight
0340_2,-77.71022545,-77.70872135,H_Dissociation
0341_2,-77.79418096,-77.79109261,Ethylidene_Bent
0341_3,-77.70464215,-77.7031204,0341_3
0342_2,-77.75363042,-77.74393002,Twist
0342_3,-77.81680936,-77.81557886,Ethylidene_Bent
0343_2,-77.76916997,-77.76876583,Ethylidene_Straight
0343_3,-77.77162724,-77.77023615,Ethylidene_Bent
0344_2,-77.78224812,-77.77467698,Twist
0344_3,-77.70230281,-77.69534742,Twist
0344_4,-77.7240788,-77.7205048,Twist
0345_2,-77.72900392,-77.72812018,Twist
0345_3,-77.74715979,-77.74610381,Twist
0346_2,-77.78183799,-77.7791504,Twist
0346_3,-77.77021527,-77.76659195,Twist
0347_2,-77.75536952,-77.75498486,Ethylidene_Straight
0347_3,-77.79099395,-77.7891067,Ethylidene_Straight
0347_4,-77.72668396,-77.72010716,0341_3
0348_2,-77.79643612,-77.79561994,Twist
0348_3,-77.77496254,-77.77315899,Twist
0349_2,-77.7890824,-77.78576165,Ethylidene_Straight
0349_3,-77.77930608,-77.77907737,Ethylidene_Bent
0349_4,-77.74380909,-77.74368051,Ethylidene_Straight
0349_5,-77.72893631,-77.7258286,Ethylidene_Bent
0350_2,-77.7315288,-77.73136811,Ethylidene_Bent
0351_2,-77.76627985,-77.76477933,Twist
0352_2,-77.74212718,-77.73535992,Twist
0352_3,-77.74957354,-77.74373489,Twist
0352_4,-77.79906272,-77.79089498,Twist
0352_5,-77.79924755,-77.79797081,Twist
0353_2,-77.77524752,-77.76491096,Twist
0353_3,-77.69576064,-77.68898316,Twist
0353_4,-77.735665,-77.72939385,Twist
0353_5,-77.77567789,-77.77460674,Twist
0354_2,-77.76139503,-77.75422247,Twist
0354_3,-77.76378698,-77.76078048,Twist
0355_2,-77.68983071,-77.68817966,Ethylidene_Bent
0356_2,-77.71610272,-77.71457659,Twist
0357_2,-77.77297424,-77.77281802,Ethylidene_Straight
0357_3,-77.79792516,-77.79692867,Ethylidene_Bent
0357_4,-77.75906455,-77.75891397,Ethylidene_Bent
0358_2,-77.71063654,-77.70625046,Twist
0358_3,-77.70868528,-77.70790086,Ethylidene_Bent
0359_2,-77.74688146,-77.74479004,Ethylidene_Straight
0359_3,-77.76428504,-77.76312587,Ethylidene_Straight
0359_4,-77.75277891,-77.75040429,Ethylidene_Straight
0360_2,-77.7707488,-77.76408014,Twist
0360_3,-77.71722018,-77.70862588,Twist
0360_4,-77.74742362,-77.74272738,Twist
0361_2,-77.71842271,-77.71781473,Twist
0361_3,-77.75028303,-77.74358771,Twist
0361_4,-77.75486319,-77.74687122,Twist
0362_2,-77.75157142,-77.74998835,Ethylidene_Straight
0362_3,-77.72093267,-77.72080806,Ethylidene_Straight
0363_2,-77.72949744,-77.72340065,H_Dissociation
0363_3,-77.75450228,-77.74996967,Twist
0363_4,-77.79627768,-77.7943941,Twist
0364_2,-77.72810227,-77.71890975,Twist
0364_3,-77.78590456,-77.78287341,Twist
0364_4,-77.75648056,-77.75043047,Twist
0365_2,-77.75856998,-77.74838492,Twist
0365_3,-77.74289345,-77.73384145,Twist
0365_4,-77.80888906,-77.80174894,Twist
0365_5,-77.74155502,-77.74010291,Twist
0366_2,-77.79834403,-77.7946848,Twist
0366_3,-77.7248648,-77.72053392,Ethylidene_Bent
0367_2,-77.69691717,-77.69586206,H_Dissociation
0368_2,-77.71336063,-77.70612513,H_Dissociation
0368_3,-77.71353266,-77.71264415,H_Dissociation
0369_2,-77.80233246,-77.80094053,Ethylidene_Straight
0369_3,-77.72683071,-77.72413717,Ethylidene_Bent
0369_4,-77.72555431,-77.72180866,Ethylidene_Bent
0370_2,-77.7365966,-77.73410067,Ethylidene_Bent
0371_2,-77.71717118,-77.70842244,Ethylidene_Straight
0371_3,-77.70178267,-77.70141881,H_Dissociation
0371_4,-77.80260561,-77.8021322,Ethylidene_Bent
0371_5,-77.75490855,-77.75376088,Ethylidene_Bent
0372_2,-77.75277398,-77.75113179,Ethylidene_Straight
0373_2,-77.80116511,-77.79258825,Twist
0373_3,-77.73455002,-77.72565021,Twist
0373_4,-77.77553763,-77.77357947,Twist
0374_2,-77.73746986,-77.73027124,Twist
0374_3,-77.72740251,-77.71836894,Twist
0374_4,-77.71713117,-77.71602195,Twist
0375_2,-77.70801164,-77.70649477,H_Dissociation
0375_3,-77.76162162,-77.75642429,Ethylidene_Bent
0376_2,-77.68612147,-77.6807735,H_Dissociation
0376_3,-77.69396012,-77.68753756,Ethylidene_Straight
0376_4,-77.74800934,-77.74615977,Ethylidene_Straight
0377_3,-77.71951349,-77.71363932,Twist
0377_4,-77.76540476,-77.76433679,Twist
0378_2,-77.70020786,-77.69130219,H_Dissociation
0378_3,-77.70884025,-77.69917065,Ethylidene_Straight
0378_4,-77.71036234,-77.70750182,Ethylidene_Bent
0379_2,-77.73810063,-77.73092114,Twist
0379_3,-77.7668237,-77.75833768,Twist
0379_4,-77.74213201,-77.74008568,Twist
0381_2,-77.70755492,-77.70577999,Ethylidene_Bent
0382_10,-77.76664559,-77.76639689,Ethylidene_Straight
0382_2,-77.70191789,-77.69012865,Ethylidene_Bent
0382_3,-77.75279641,-77.7525902,Ethylidene_Straight
0382_4,-77.76872504,-77.76627718,Ethylidene_Bent
0382_5,-77.69498486,-77.69456901,Ethylidene_Straight
0382_6,-77.76287566,-77.7624766,Ethylidene_Straight
0382_7,-77.7652376,-77.76317385,Ethylidene_Straight
0382_8,-77.78710392,-77.78665979,Ethylidene_Bent
0382_9,-77.75175877,-77.75109467,Ethylidene_Bent
0383_2,-77.72569783,-77.71751223,Ethylidene_Straight
0383_3,-77.73088001,-77.72292065,H_Dissociation
0383_4,-77.74800285,-77.74158703,Ethylidene_Bent
0383_5,-77.79810535,-77.79807085,Ethylidene_Bent
0384_2,-77.76219833,-77.76135319,Twist
0384_3,-77.76782268,-77.76022941,Twist
0384_4,-77.77177356,-77.76450668,Twist
0385_2,-77.71082879,-77.70503706,H_Dissociation
0385_3,-77.67698888,-77.66892266,Ethylidene_Straight
0385_4,-77.7849754,-77.77926036,Twist
0385_5,-77.70919101,-77.70546768,Twist
0386_2,-77.71956179,-77.71709243,Ethylidene_Bent
0386_3,-77.81282732,-77.81126512,Ethylidene_Bent
0387_2,-77.70795901,-77.70481222,Twist
0388_2,-77.78242076,-77.77542533,Twist
0388_3,-77.77098723,-77.76876041,Ethylidene_Straight
0388_4,-77.74385953,-77.74334657,Ethylidene_Straight
0389_2,-77.70497704,-77.69614509,H_Dissociation
0389_3,-77.68533615,-77.6767744,H_Dissociation
0389_4,-77.71029529,-77.70666502,H_Dissociation
0389_5,-77.68232174,-77.68027123,Ethylidene_Bent
0390_2,-77.74844306,-77.74597864,Twist
0390_3,-77.7769531,-77.77357704,Twist
0391_2,-77.75644804,-77.75494,Twist
0392_2,-77.70607752,-77.6985804,H_Dissociation
0392_3,-77.66171566,-77.65940121,Ethylidene_Bent
0393_2,-77.80315795,-77.80152933,Ethylidene_Bent
0393_3,-77.81387751,-77.81163533,Ethylidene_Bent
0393_4,-77.7375621,-77.73732473,Ethylidene_Straight
0393_5,-77.75468167,-77.75236856,Ethylidene_Straight
0394_2,-77.80853055,-77.80828473,Ethylidene_Straight
0394_3,-77.80500031,-77.80220018,Ethylidene_Bent
0395_2,-77.75191585,-77.74524782,Twist
0395_3,-77.68954078,-77.67873513,Twist
0395_4,-77.7648121,-77.75689073,Twist
0395_5,-77.73841273,-77.73755622,Twist
0396_2,-77.80873882,-77.80704373,Ethylidene_Straight
0396_3,-77.80920343,-77.80690827,Ethylidene_Bent
0396_4,-77.78184715,-77.78141193,Ethylidene_Straight
0396_5,-77.781331,-77.78080201,Ethylidene_Bent
0397_2,-77.78744559,-77.7871202,Ethylidene_Straight
0398_2,-77.77506915,-77.76805947,Twist
0398_3,-77.81211276,-77.81122241,Ethylidene_Straight
0399_2,-77.7573133,-77.75645657,Ethylidene_Straight
0399_3,-77.83317467,-77.83250226,Ethylidene_Straight
0399_4,-77.7704212,-77.76764744,Ethylidene_Bent
0399_5,-77.78387163,-77.78360094,Ethylidene_Bent
0400_2,-77.74248513,-77.73656936,Twist
0400_3,-77.75655914,-77.74997618,Twist
0400_4,-77.83669022,-77.83662353,Ethylidene_Bent
0400_5,-77.76821139,-77.76642403,Ethylidene_Straight
0401_2,-77.72358268,-77.72165811,Twist
0402_2,-77.68608144,-77.68154702,Ethylidene_Straight
0402_3,-77.686029,-77.68288867,H_Dissociation
0403_2,-77.76006205,-77.75240865,Twist
0403_3,-77.71779977,-77.71667646,0341_3
0404_2,-77.73437369,-77.72637343,Twist
0404_3,-77.68013094,-77.67950963,Twist
0405_2,-77.71427543,-77.70738885,0032_5
0405_3,-77.7305993,-77.72670256,H_Dissociation
0405_4,-77.719032,-77.7161228,Ethylidene_Bent
0406_2,-77.74688313,-77.74590982,Twist
0406_3,-77.71568667,-77.7154682,Ethylidene_Bent
0406_4,-77.78304498,-77.7796262,Ethylidene_Bent
0407_2,-77.72652935,-77.71804665,Ethylidene_Bent
0407_3,-77.70506553,-77.70212121,Ethylidene_Straight
0407_4,-77.70367327,-77.70005687,Ethylidene_Straight
0407_5,-77.70554754,-77.70404842,Ethylidene_Bent
0408_2,-77.76688005,-77.76531096,Twist
0408_3,-77.74159637,-77.73551005,Twist
0409_2,-77.69993881,-77.69276379,Ethylidene_Bent
0409_3,-77.70334959,-77.69950089,H_Dissociation
0409_4,-77.70182423,-77.69774073,H_Dissociation
0410_2,-77.7218639,-77.71823241,Ethylidene_Straight
0410_3,-77.71098078,-77.70916692,Twist
0411_2,-77.75805246,-77.75660223,Twist
0412_2,-77.71394726,-77.70925793,Ethylidene_Bent
0412_3,-77.70381546,-77.70300851,H_Dissociation
0413_2,-77.70359814,-77.69729237,H_Dissociation
0413_3,-77.70836553,-77.69918791,Ethylidene_Bent
0413_4,-77.71372478,-77.70928404,Ethylidene_Straight
0414_2,-77.71626276,-77.7086486,Twist
0414_3,-77.74577182,-77.74232973,Ethylidene_Bent
0414_4,-77.68834073,-77.67928598,Twist
0414_5,-77.76613818,-77.7561848,Ethylidene_Straight
0414_6,-77.72010767,-77.71888879,Twist
0415_2,-77.81809806,-77.81775602,Ethylidene_Straight
0415_3,-77.81223445,-77.81213624,Ethylidene_Straight
0416_2,-77.73052982,-77.72522763,Twist
0416_3,-77.72283642,-77.7217743,Ethylidene_Bent
0416_4,-77.78061247,-77.77971488,Ethylidene_Bent
0416_5,-77.75238524,-77.75114602,Ethylidene_Bent
0417_2,-77.69485439,-77.69071074,Twist
0417_3,-77.72132341,-77.71790408,Twist
0418_2,-77.79878136,-77.79572989,Twist
0419_2,-77.68884298,-77.68453164,H_Dissociation
0419_3,-77.70495726,-77.70171495,H_Dissociation
0419_4,-77.70292212,-77.70232737,H_Dissociation
0420_2,-77.71005247,-77.70671212,Ethylidene_Straight
0420_3,-77.70000544,-77.69838755,Ethylidene_Bent
0420_4,-77.74711609,-77.74654783,Ethylidene_Straight
0421_2,-77.77045352,-77.76924236,Ethylidene_Bent
0421_3,-77.82110622,-77.818815,Ethylidene_Bent
0421_4,-77.78072858,-77.77919634,Ethylidene_Bent
0421_5,-77.734499,-77.73432041,Ethylidene_Bent
0422_2,-77.78156202,-77.78150743,Ethylidene_Bent
0422_3,-77.69447248,-77.68929277,Ethylidene_Bent
0422_4,-77.79540673,-77.79377213,Ethylidene_Bent
0423_2,-77.71049613,-77.70565564,Ethylidene_Straight
0423_3,-77.68865092,-77.68698595,Ethylidene_Bent
0424_2,-77.72193858,-77.72085045,Ethylidene_Bent
0425_2,-77.68261052,-77.67970183,H_Dissociation
0425_3,-77.71149174,-77.70408483,H_Dissociation
0426_2,-77.79384474,-77.79226943,Twist
0426_3,-77.79958569,-77.79279521,Twist
0426_4,-77.72883856,-77.72853933,Ethylidene_Straight
0426_5,-77.7756029,-77.77552538,Ethylidene_Straight
0427_2,-77.78574102,-77.78299283,Twist
0428_2,-77.75487907,-77.75036378,Twist
0428_3,-77.78506148,-77.78341455,Twist
0429_2,-77.76461616,-77.75696142,Twist
0429_3,-77.78476359,-77.78118038,Twist
0430_2,-77.73655925,-77.73115813,Twist
0430_3,-77.73888793,-77.73705446,Twist
0432_2,-77.77442327,-77.7703927,Ethylidene_Straight
0432_3,-77.74184092,-77.74081891,Ethylidene_Bent
0432_4,-77.78718437,-77.78575006,Ethylidene_Bent
0433_2,-77.70367347,-77.70227789,Ethylidene_Straight
0434_2,-77.70024253,-77.69711791,H_Dissociation
0434_3,-77.73416702,-77.73178375,Ethylidene_Straight
0435_2,-77.71927336,-77.71479102,H_Dissociation
0435_3,-77.71260816,-77.71078836,Ethylidene_Bent
0436_2,-77.78532481,-77.78367403,Twist
0436_3,-77.7549005,-77.75307382,Twist
0437_2,-77.70659484,-77.70525602,H_Dissociation
0438_2,-77.70836968,-77.70546243,H_Dissociation
0438_3,-77.72067446,-77.71386293,H_Dissociation
0439_2,-77.73355652,-77.72393221,Twist
0439_3,-77.83708469,-77.83530941,Ethylidene_Bent
0440_2,-77.68368376,-77.67883765,Ethylidene_Bent
0440_3,-77.79622439,-77.79488524,Ethylidene_Bent
0440_4,-77.77671919,-77.77429944,Ethylidene_Straight
0440_5,-77.79702689,-77.7959691,Ethylidene_Straight
0441_2,-77.73441235,-77.73081439,Twist
0441_3,-77.79465934,-77.79440788,Ethylidene_Straight
0441_4,-77.73615665,-77.73590531,Ethylidene_Straight
0442_2,-77.7713992,-77.76519117,Twist
0442_3,-77.79422533,-77.79256074,Twist
0443_2,-77.7263813,-77.71991861,Ethylidene_Bent
0443_3,-77.72375626,-77.71691406,Ethylidene_Bent
0443_4,-77.69694986,-77.68971788,Twist
0443_5,-77.71552961,-77.71502247,Ethylidene_Straight
0443_6,-77.6870723,-77.68352622,Ethylidene_Straight
0443_7,-77.76804674,-77.76605846,Ethylidene_Bent
0444_2,-77.76540567,-77.76160544,Twist
0444_3,-77.7687165,-77.76719513,Twist
0445_2,-77.73349134,-77.72557369,Twist
0445_3,-77.75227795,-77.75183732,Ethylidene_Straight
0445_4,-77.7208249,-77.71823319,Ethylidene_Bent
0445_5,-77.71475639,-77.70902184,Ethylidene_Straight
0445_6,-77.71612546,-77.71483493,Ethylidene_Bent
0446_2,-77.7007453,-77.69554864,H_Dissociation
0446_3,-77.7063009,-77.70509269,H_Dissociation
0447_2,-77.71090758,-77.70779875,Twist
0448_2,-77.7903952,-77.78245345,Twist
0448_3,-77.7472029,-77.74365058,Twist
0449_2,-77.70127009,-77.69528937,Twist
0449_3,-77.72424306,-77.72007525,Twist
0450_2,-77.71544929,-77.70570981,Ethylidene_Bent
0450_3,-77.68104154,-77.67627051,Ethylidene_Straight
0450_4,-77.74303397,-77.74184527,Twist
0451_2,-77.7061607,-77.6888649,CC_Dissociation
0451_4,-77.68751449,-77.68551943,CC_Dissociation
0452_2,-77.77132721,-77.7654513,Twist
0452_3,-77.76291329,-77.762315,Twist
0453_2,-77.71564378,-77.70840334,Twist
0453_3,-77.67946066,-77.67901516,Twist
0454_2,-77.83110201,-77.82989769,Ethylidene_Bent
0454_3,-77.75413106,-77.75359505,Ethylidene_Straight
0454_4,-77.75406688,-77.75393809,Ethylidene_Bent
0454_5,-77.78405297,-77.78375524,Ethylidene_Bent
0455_2,-77.72450987,-77.71764475,H_Dissociation
0455_3,-77.71743433,-77.71442475,H_Dissociation
0456_2,-77.72900886,-77.72427041,Twist
0456_3,-77.72470908,-77.71487058,Twist
0456_4,-77.69387245,-77.69034701,Twist
0457_2,-77.70084,-77.69896033,Ethylidene_Straight
0458_2,-77.80627941,-77.80471445,Ethylidene_Straight
0458_3,-77.75413892,-77.75256234,Twist
0459_2,-77.69557213,-77.69313772,H_Dissociation
0459_3,-77.73570782,-77.7340374,Ethylidene_Bent
0460_2,-77.72125237,-77.71464868,Twist
0460_3,-77.73792547,-77.72906537,Twist
0460_4,-77.69415112,-77.6910101,Twist
0460_5,-77.71526647,-77.71290224,Twist
0461_2,-77.81856515,-77.81784204,Ethylidene_Bent
0461_3,-77.72734519,-77.72554693,Ethylidene_Bent
0462_2,-77.71521189,-77.7056144,Ethylidene_Bent
0462_3,-77.75805684,-77.75134814,Twist
0462_4,-77.76984506,-77.76264905,Twist
0462_5,-77.81551581,-77.81395634,Ethylidene_Bent
0462_6,-77.794382,-77.79391379,Ethylidene_Straight
0463_2,-77.71558793,-77.71499019,Twist
0464_2,-77.81759997,-77.81732067,Ethylidene_Straight
0464_3,-77.7921532,-77.7915115,Ethylidene_Straight
0465_2,-77.77798164,-77.77108368,Twist
0465_3,-77.84758975,-77.84746842,Ethylidene_Straight
0465_4,-77.69888953,-77.69835901,0341_3
0466_2,-77.80906185,-77.80618291,Twist
0467_2,-77.68092183,-77.6772795,H_Dissociation
0467_3,-77.71466807,-77.70810039,Ethylidene_Bent
0468_2,-77.7438762,-77.74335375,Ethylidene_Bent
0469_2,-77.70379152,-77.70061091,H_Dissociation
0469_3,-77.69664427,-77.69567802,H_Dissociation
0470_2,-77.67545809,-77.6701334,Ethylidene_Straight
0470_3,-77.68697086,-77.68048934,Ethylidene_Bent
0470_4,-77.67176388,-77.66990813,H_Dissociation
0471_2,-77.78840551,-77.78073852,Twist
0471_3,-77.80615144,-77.80578081,Ethylidene_Bent
0472_2,-77.70351337,-77.70212192,Ethylidene_Bent
0473_2,-77.81272025,-77.81063859,Ethylidene_Bent
0473_3,-77.79400239,-77.79246672,Ethylidene_Straight
0473_4,-77.79079807,-77.79030202,Ethylidene_Bent
0473_5,-77.77215011,-77.7705255,Ethylidene_Straight
0474_2,-77.7143711,-77.70790376,H_Dissociation
0474_3,-77.69901438,-77.69514301,H_Dissociation
0475_2,-77.78422626,-77.7839106,Ethylidene_Straight
0475_3,-77.79573004,-77.79472464,Ethylidene_Bent
0475_4,-77.81652941,-77.81639232,Ethylidene_Bent
0475_5,-77.79617427,-77.79605036,Ethylidene_Straight
0475_6,-77.78876356,-77.78868983,Ethylidene_Straight
0476_2,-77.78412109,-77.78020672,Twist
0476_3,-77.77494008,-77.76820423,Twist
0477_2,-77.70240398,-77.69383715,Ethylidene_Bent
0477_3,-77.66979367,-77.66861408,Twist
0477_4,-77.7218687,-77.71991626,Ethylidene_Straight
0477_5,-77.7125262,-77.70835951,H_Dissociation
0478_2,-77.73785958,-77.7331046,Twist
0478_3,-77.80318026,-77.79552084,Twist
0478_4,-77.70071266,-77.69729214,Ethylidene_Straight
0479_2,-77.77201705,-77.76399476,Twist
0479_3,-77.73421585,-77.73012157,Twist
0479_4,-77.75734912,-77.75025357,Twist
0480_2,-77.71881534,-77.71591055,Ethylidene_Straight
0480_3,-77.80080451,-77.7962921,Twist
0481_2,-77.79742021,-77.79691934,Ethylidene_Straight
0481_3,-77.72686264,-77.72557227,Ethylidene_Bent
0481_4,-77.76811743,-77.76580652,Ethylidene_Bent
0481_5,-77.75786545,-77.75754505,Ethylidene_Straight
0481_6,-77.72512207,-77.72231387,Ethylidene_Straight
0482_2,-77.67735081,-77.67310116,H_Dissociation
0482_3,-77.7041776,-77.6946437,H_Dissociation
0482_4,-77.679401,-77.67913906,H_Dissociation
0482_5,-77.68969884,-77.68873721,Ethylidene_Bent
0483_2,-77.75399605,-77.74599933,Twist
0483_3,-77.77151159,-77.76435496,Twist
0483_4,-77.73447074,-77.72527991,Twist
0483_5,-77.72665143,-77.71548128,CC_Dissociation
0483_6,-77.67920198,-77.67837514,CC_Dissociation
0484_2,-77.81563401,-77.81509304,Ethylidene_Bent
0484_3,-77.80702803,-77.80653397,Ethylidene_Straight
0485_2,-77.71501434,-77.71466925,H_Dissociation
0485_3,-77.67636402,-77.67228533,H_Dissociation
0485_4,-77.69493058,-77.69196725,H_Dissociation
0486_2,-77.76734885,-77.76607527,Ethylidene_Straight
0487_2,-77.72265632,-77.7178426,Twist
0487_3,-77.75740676,-77.75638931,Ethylidene_Bent
0488_2,-77.69136297,-77.6882842,Twist
0488_3,-77.71075055,-77.70488339,Twist
0488_4,-77.72962253,-77.7281346,Twist
0489_2,-77.73436378,-77.72886224,CC_Dissociation
0490_2,-77.75187943,-77.75176852,Ethylidene_Straight
0490_3,-77.76675864,-77.76545213,Ethylidene_Bent
0490_4,-77.7959743,-77.79524138,Ethylidene_Straight
0490_5,-77.77859437,-77.77735002,Ethylidene_Straight
0491_2,-77.66623571,-77.66488065,Twist
0492_2,-77.77361048,-77.77202171,Twist
0492_3,-77.80149793,-77.80113367,Ethylidene_Bent
0493_2,-77.69637107,-77.69498058,Twist
0494_2,-77.7590834,-77.75604595,Twist
0494_3,-77.80999865,-77.80550203,Twist
0495_2,-77.74181499,-77.7329373,Twist
0495_3,-77.71368125,-77.70481937,Twist
0495_4,-77.70264587,-77.69807628,Ethylidene_Bent
0495_5,-77.75682886,-77.72681762,CC_Dissociation
0495_7,-77.76356991,-77.7588301,Twist
0496_2,-77.6984773,-77.6939035,Ethylidene_Straight
0496_3,-77.73348157,-77.7327856,Twist
0496_4,-77.76077073,-77.75440394,Twist
0497_2,-77.77601914,-77.77424228,Ethylidene_Straight
0497_3,-77.76660111,-77.76074009,Twist
0497_4,-77.76777278,-77.76418065,Twist
0498_2,-77.77901626,-77.77223401,Twist
0498_3,-77.67277508,-77.66784822,Ethylidene_Bent
0498_4,-77.78883253,-77.78820392,Ethylidene_Bent
0499_2,-77.71326615,-77.7092263,Ethylidene_Straight
0499_3,-77.75113198,-77.74848624,Ethylidene_Straight
0499_4,-77.71529808,-77.71499109,HH_Dissociation
0500_2,-77.70907097,-77.70670848,H_Dissociation
0500_3,-77.71635218,-77.71544144,H_Dissociation
0502_2,-77.76098541,-77.76084016,Ethylidene_Straight
0502_3,-77.82921578,-77.82897961,Ethylidene_Bent
0502_4,-77.82417797,-77.82407653,Ethylidene_Bent
0502_5,-77.76156587,-77.76108845,Ethylidene_Bent
0502_6,-77.81014167,-77.81010976,Ethylidene_Straight
0502_7,-77.84707895,-77.8466489,Ethylidene_Straight
0503_2,-77.81336069,-77.80666244,Twist
0503_3,-77.75458525,-77.75180702,Ethylidene_Bent
0503_4,-77.77993867,-77.77929279,Ethylidene_Straight
0503_5,-77.7794978,-77.77884918,Ethylidene_Straight
0504_2,-77.69494441,-77.68808111,CC_Dissociation
0504_3,-77.69880287,-77.69820621,CC_Dissociation
0505_2,-77.78897454,-77.78788604,Ethylidene_Straight
0506_2,-77.68662718,-77.67784806,H_Dissociation
0506_3,-77.68514999,-77.67469809,H_Dissociation
0506_4,-77.68293427,-77.67626598,H_Dissociation
0506_5,-77.7042319,-77.69871184,H_Dissociation
0506_6,-77.69321863,-77.68984203,H_Dissociation
0507_2,-77.77935554,-77.77792687,Twist
0507_3,-77.75101996,-77.74823875,Twist
0508_2,-77.7008306,-77.69858598,Ethylidene_Bent
0509_2,-77.73891899,-77.73613791,Ethylidene_Bent
0510_2,-77.8035757,-77.7985873,Twist
0510_3,-77.79163685,-77.78238436,Twist
0510_4,-77.73898192,-77.73717202,Ethylidene_Bent
0511_2,-77.74107195,-77.73239119,Twist
0511_3,-77.77898611,-77.77848669,Ethylidene_Straight
0511_4,-77.72844397,-77.72617923,Ethylidene_Bent
0511_5,-77.79101735,-77.79064472,Ethylidene_Straight
0512_2,-77.71552657,-77.7075506,Twist
0512_3,-77.80682504,-77.80427115,Twist
0513_2,-77.76216338,-77.75152633,Twist
0513_3,-77.78033292,-77.77964439,Ethylidene_Straight
0513_4,-77.81957083,-77.81861577,Ethylidene_Bent
0513_5,-77.7570691,-77.75596355,Ethylidene_Bent
0513_6,-77.79732251,-77.79628354,Ethylidene_Straight
0513_7,-77.79677926,-77.79577032,Ethylidene_Straight
0513_8,-77.78119598,-77.78004668,Ethylidene_Bent
0514_2,-77.7790513,-77.7754598,Twist
0514_3,-77.83411959,-77.83233443,Ethylidene_Straight
0515_2,-77.69680394,-77.69490383,H_Dissociation
0516_2,-77.67936395,-77.67093976,Twist
0516_3,-77.69566749,-77.68488357,Twist
0516_4,-77.73631368,-77.73181333,Twist
0516_5,-77.73827225,-77.72892995,Twist
0517_2,-77.82406879,-77.81784047,Twist
0517_3,-77.75067962,-77.74967527,Ethylidene_Bent
0517_4,-77.75329356,-77.75011666,Ethylidene_Bent
0518_2,-77.71095822,-77.70702732,H_Dissociation
0518_3,-77.71343389,-77.71315362,H_Dissociation
0518_4,-77.70230365,-77.69763765,H_Dissociation
0518_5,-77.71266416,-77.70967462,Ethylidene_Bent
0519_2,-77.77464795,-77.77077624,Twist
0519_3,-77.75156673,-77.74831761,Twist
0520_2,-77.70735529,-77.6993671,Twist
0520_3,-77.68951457,-77.68440873,Twist
0520_4,-77.73733162,-77.72834248,Twist
0520_5,-77.74284807,-77.74049423,Twist
0521_2,-77.76976802,-77.7637696,Twist
0521_3,-77.74307875,-77.73952313,Twist
0522_2,-77.73806194,-77.73044389,Twist
0522_3,-77.71732131,-77.70677052,Twist
0522_4,-77.75886194,-77.7521109,Twist
0522_5,-77.67518492,-77.67326446,H_Dissociation
0523_2,-77.76036605,-77.754074,Twist
0523_3,-77.74015178,-77.73282825,Twist
0523_4,-77.78680222,-77.78526373,Twist
0524_2,-77.692334,-77.68691423,H_Dissociation
0524_3,-77.69258915,-77.68997594,H_Dissociation
0525_2,-77.75858804,-77.75508892,Twist
0525_3,-77.75217329,-77.74509009,Twist
0527_2,-77.72698741,-77.71644049,Twist
0527_3,-77.80670868,-77.80518967,Ethylidene_Bent
0527_4,-77.75073084,-77.74818977,Ethylidene_Straight
0527_5,-77.82438723,-77.82338086,Ethylidene_Bent
0528_2,-77.73465187,-77.73171196,Twist
0529_2,-77.6837657,-77.68012257,Ethylidene_Straight
0529_3,-77.71071329,-77.70690831,H_Dissociation
0530_2,-77.82823029,-77.82699169,Ethylidene_Bent
0530_3,-77.77161641,-77.77034658,Ethylidene_Straight
0530_4,-77.80199597,-77.80087433,Ethylidene_Bent
0530_5,-77.79597888,-77.7936964,Ethylidene_Bent
0530_6,-77.81508883,-77.813777,Ethylidene_Bent
0531_2,-77.73805001,-77.7349959,Twist
0532_2,-77.71463272,-77.71165279,H_Dissociation
0533_2,-77.79038912,-77.78176614,Twist
0533_3,-77.77550401,-77.77394189,Twist
0534_2,-77.70311393,-77.69821639,H_Dissociation
0534_3,-77.68274246,-77.68099878,Twist
0535_2,-77.69905493,-77.69526389,Twist
0535_3,-77.6659948,-77.65510916,H_Dissociation
0535_4,-77.65160846,-77.6394004,H_Dissociation
0535_5,-77.66664087,-77.64968603,H_Dissociation
0535_6,-77.73170666,-77.72503065,HH_Dissociation
0536_2,-77.72550998,-77.71904914,Twist
0536_3,-77.73160022,-77.73097841,Ethylidene_Straight
0537_2,-77.69565185,-77.69227524,H_Dissociation
0537_3,-77.79932546,-77.7977074,Twist
0538_2,-77.72590841,-77.7178567,Twist
0538_3,-77.79091683,-77.78793729,Twist
0539_2,-77.7462003,-77.73576942,Ethylidene_Straight
0539_3,-77.73308819,-77.72689193,Twist
0539_4,-77.724181,-77.71952446,Twist
0540_2,-77.7081424,-77.69904407,Ethylidene_Straight
0540_3,-77.77738462,-77.76896367,Twist
0540_4,-77.7356321,-77.72974255,Ethylidene_Straight
0541_2,-77.75069388,-77.74970701,Ethylidene_Straight
0541_3,-77.82459391,-77.82374896,Ethylidene_Bent
0541_4,-77.77136272,-77.76315746,Twist
0542_2,-77.78076553,-77.77704824,Ethylidene_Straight
0542_3,-77.76567008,-77.76537502,Ethylidene_Bent
0542_4,-77.81038789,-77.80909011,Ethylidene_Bent
0543_2,-77.75426263,-77.7460141,Twist
0543_3,-77.7840764,-77.77970606,Twist
0544_2,-77.77357642,-77.77086275,Twist
0544_3,-77.7807474,-77.77087817,Twist
0544_4,-77.79449491,-77.79118687,Twist
0545_2,-77.77745168,-77.77464907,Twist
0546_2,-77.69283712,-77.68806551,H_Dissociation
0546_3,-77.68822228,-77.68368213,Ethylidene_Bent
0547_2,-77.69079851,-77.68452902,Twist
0547_3,-77.75135961,-77.75090938,Twist
0547_4,-77.76839319,-77.76283342,Twist
0547_5,-77.72305817,-77.7189659,Twist
0548_2,-77.76694947,-77.76207893,Ethylidene_Straight
0548_3,-77.76882502,-77.76453055,Ethylidene_Bent
0548_4,-77.74022806,-77.73988998,Ethylidene_Straight
0548_5,-77.77897441,-77.77880616,Ethylidene_Bent
0549_2,-77.72162912,-77.71595427,Ethylidene_Straight
0549_3,-77.69317064,-77.69289357,H_Dissociation
0549_4,-77.68092756,-77.6713149,H_Dissociation
0549_5,-77.68339705,-77.67662931,Ethylidene_Bent
0549_6,-77.74401616,-77.73833343,Twist
0550_2,-77.71883492,-77.71808282,H_Dissociation
0550_3,-77.7081803,-77.70031783,Ethylidene_Bent
0550_4,-77.69928914,-77.69821614,H_Dissociation
0551_2,-77.74861776,-77.74352971,Twist
0551_3,-77.77288639,-77.76890614,Twist
0551_4,-77.76568097,-77.75640052,Twist
0551_5,-77.80322446,-77.80253765,Ethylidene_Bent
0552_10,-77.73748387,-77.73740322,Ethylidene_Bent
0552_2,-77.75451134,-77.75431908,Ethylidene_Straight
0552_3,-77.7697703,-77.76898089,Ethylidene_Bent
0552_4,-77.79361487,-77.79344526,Ethylidene_Straight
0552_5,-77.72334877,-77.72333136,Ethylidene_Straight
0552_6,-77.76998407,-77.76915983,Ethylidene_Straight
0552_7,-77.82528722,-77.82431203,Ethylidene_Straight
0552_8,-77.72143305,-77.72120654,Ethylidene_Bent
0552_9,-77.78030473,-77.77957605,Ethylidene_Bent
0553_2,-77.75334866,-77.74487102,Twist
0553_3,-77.74698704,-77.74579036,Ethylidene_Bent
0553_4,-77.84581579,-77.8457173,Ethylidene_Straight
0554_2,-77.71519019,-77.70769128,H_Dissociation
0554_3,-77.7115621,-77.7098592,Twist
0555_2,-77.76323304,-77.76276663,Twist
0555_3,-77.7142927,-77.71307879,Ethylidene_Straight
0556_2,-77.79746285,-77.79438274,Twist
0557_2,-77.71174053,-77.71069167,Ethylidene_Bent
0558_2,-77.75929679,-77.75810884,Ethylidene_Bent
0558_3,-77.80316305,-77.79476575,Twist
0558_4,-77.74234535,-77.73745203,Ethylidene_Straight
0558_5,-77.76259614,-77.76181692,Ethylidene_Bent
0558_6,-77.77599951,-77.77531926,Ethylidene_Straight
0559_2,-77.72345436,-77.72090283,H_Dissociation
0559_3,-77.70796897,-77.70472353,Ethylidene_Straight
0560_2,-77.70929187,-77.7065504,H_Dissociation
0560_3,-77.75096134,-77.7417446,Twist
0560_4,-77.75173335,-77.74463903,Twist
0560_5,-77.74225555,-77.74062843,Ethylidene_Bent
0561_2,-77.72582356,-77.7239959,CC_Dissociation
0562_2,-77.74711665,-77.74597442,Ethylidene_Straight
0562_3,-77.78620492,-77.78379872,Ethylidene_Straight
0562_4,-77.74316312,-77.74290231,Ethylidene_Bent
0562_5,-77.75956668,-77.75799688,Ethylidene_Straight
0563_2,-77.70486218,-77.69470419,H_Dissociation
0563_3,-77.71731953,-77.69478092,H_Dissociation
0563_4,-77.69229202,-77.6877541,H_Dissociation
0563_5,-77.71814302,-77.71192913,Ethylidene_Straight
0563_6,-77.74091992,-77.74063369,Ethylidene_Bent
0563_7,-77.79933422,-77.79865862,Ethylidene_Bent
0564_2,-77.71386881,-77.70538848,Twist
0564_3,-77.69366724,-77.69345927,Ethylidene_Straight
0564_4,-77.69453687,-77.69394763,H_Dissociation
0565_2,-77.80142669,-77.79651012,Twist
0565_3,-77.77477568,-77.76636762,Twist
0565_4,-77.74232928,-77.73349018,Twist
0565_5,-77.76501596,-77.76183788,Twist
0566_2,-77.69514203,-77.69287559,H_Dissociation
0566_3,-77.69219538,-77.6905703,H_Dissociation
0567_2,-77.68589145,-77.68561963,Twist
0567_3,-77.67681818,-77.67663066,CC_Dissociation
0568_2,-77.71154407,-77.7068504,H_Dissociation
0568_3,-77.69845105,-77.69365987,Ethylidene_Bent
0569_2,-77.80251528,-77.79395806,Twist
0569_3,-77.73291155,-77.72508907,Twist
0569_4,-77.72498379,-77.72089247,Twist
0570_2,-77.75573125,-77.75317776,Twist
0570_3,-77.76046049,-77.7546975,Twist
0571_2,-77.70251566,-77.70171393,H_Dissociation
0572_2,-77.74639379,-77.74249451,Ethylidene_Bent
0572_3,-77.79940044,-77.79724687,Ethylidene_Straight
0572_4,-77.7919088,-77.79024037,Ethylidene_Bent
0573_2,-77.70392155,-77.69461223,Ethylidene_Straight
0573_3,-77.6776349,-77.67459378,H_Dissociation
0573_4,-77.69686868,-77.69527549,H_Dissociation
0574_2,-77.74597036,-77.74022095,Tilted_saddle
0574_3,-77.76172523,-77.7605759,Ethylidene_Bent
0575_2,-77.71080197,-77.70417415,H_Dissociation
0575_3,-77.7167189,-77.71073156,H_Dissociation
0575_4,-77.71143429,-77.70731823,Ethylidene_Bent
0576_2,-77.79616595,-77.79270295,Ethylidene_Bent
0578_2,-77.77639753,-77.77036664,Twist
0578_3,-77.73888151,-77.73386183,Twist
0578_4,-77.75423101,-77.75254218,Ethylidene_Bent
0579_2,-77.71815512,-77.71476895,H_Dissociation
0579_3,-77.70262088,-77.70203417,Ethylidene_Straight
0580_2,-77.76917019,-77.76729974,Twist
0580_3,-77.75153746,-77.74830978,Twist
0582_2,-77.77122098,-77.77042158,Ethylidene_Bent
0582_3,-77.78053231,-77.77857168,Ethylidene_Bent
0582_4,-77.7315961,-77.72903174,Ethylidene_Straight
0582_5,-77.70590795,-77.7033488,Ethylidene_Bent
0583_2,-77.73719028,-77.73268187,Ethylidene_Straight
0583_3,-77.75270787,-77.74203684,Ethylidene_Straight
0583_4,-77.73688029,-77.73634316,Ethylidene_Bent
0583_5,-77.83609965,-77.83407018,Ethylidene_Bent
0583_6,-77.78616754,-77.78439869,Ethylidene_Bent
0584_2,-77.83656423,-77.83626548,Ethylidene_Bent
0584_3,-77.80596829,-77.80539754,Ethylidene_Bent
0584_4,-77.81059486,-77.80920815,Ethylidene_Bent
0585_2,-77.79222084,-77.79100069,Ethylidene_Straight
0585_3,-77.72360789,-77.72092166,Ethylidene_Straight
0585_4,-77.77502167,-77.77221499,H_Dissociation
0585_5,-77.80972532,-77.80889451,Ethylidene_Bent
0586_2,-77.72363997,-77.71964277,Twist
0586_3,-77.742636,-77.74182137,Ethylidene_Straight
0587_2,-77.7436292,-77.73734908,Twist
0587_3,-77.78834836,-77.78119438,Twist
0587_4,-77.7807265,-77.77903881,Twist
0588_2,-77.75171341,-77.75085879,Twist
0588_3,-77.77735895,-77.7722708,Twist
0588_4,-77.8102343,-77.80828932,Ethylidene_Straight
0589_2,-77.75834571,-77.75829776,Ethylidene_Bent
0589_3,-77.76129779,-77.75464769,Ethylidene_Straight
0590_2,-77.75677882,-77.75325665,Twist
0590_3,-77.785914,-77.78506661,Twist
0591_2,-77.73123935,-77.720228,Twist
0591_3,-77.73327533,-77.7215561,Twist
0591_4,-77.80013652,-77.79969803,Ethylidene_Straight
0592_2,-77.70942453,-77.69437936,Twist
0592_3,-77.64437377,-77.64432997,Twist
0592_4,-77.67144284,-77.67135486,CC_Dissociation
0592_5,-77.65040183,-77.65038962,CC_Dissociation
0593_2,-77.7157233,-77.71156263,Ethylidene_Straight
0593_3,-77.73990492,-77.73608259,Ethylidene_Bent
0593_4,-77.76836634,-77.76628595,Ethylidene_Bent
0593_5,-77.76374271,-77.76272889,Ethylidene_Bent
0594_3,-77.65871042,-77.65021991,H_Dissociation
0594_4,-77.65348294,-77.65030831,Twist
0595_2,-77.73081716,-77.72508002,Twist
0595_3,-77.70779512,-77.70568583,Twist
0596_2,-77.69840985,-77.69765931,H_Dissociation
0596_3,-77.70653873,-77.70386239,H_Dissociation
0597_2,-77.71794916,-77.7134927,Ethylidene_Bent
0597_3,-77.69828673,-77.69554058,Ethylidene_Straight
0598_2,-77.71986576,-77.71687836,Twist
0598_3,-77.71485675,-77.70378645,Twist
0599_2,-77.74410499,-77.74398692,Ethylidene_Bent
0599_3,-77.75063097,-77.75032168,Ethylidene_Bent
0599_4,-77.79031177,-77.78920037,Ethylidene_Bent
0599_5,-77.74858247,-77.7483131,Ethylidene_Bent
0600_2,-77.75903531,-77.75732808,Ethylidene_Bent
0600_3,-77.73935999,-77.73905031,Ethylidene_Straight
0600_4,-77.76947816,-77.76735629,Ethylidene_Straight
0600_5,-77.70342784,-77.69415089,Ethylidene_Straight
0601_2,-77.77423321,-77.76765243,Ethylidene_Bent
0601_3,-77.84310937,-77.83987559,Ethylidene_Bent
0601_4,-77.72927108,-77.72423318,Ethylidene_Straight
0601_5,-77.68514093,-77.68221655,Ethylidene_Bent
0602_2,-77.80423277,-77.79338681,Twist
0602_3,-77.7422158,-77.73789244,Twist
0602_4,-77.70173423,-77.70049738,H_Dissociation
0603_2,-77.79633039,-77.79049633,Twist
0603_3,-77.78553607,-77.78382226,Twist
0604_2,-77.73811213,-77.73484166,Twist
0604_3,-77.73681254,-77.72749705,Twist
0604_4,-77.7613142,-77.76125134,Ethylidene_Straight
0604_5,-77.74748165,-77.74263014,Twist
0605_2,-77.76310275,-77.75201952,Twist
0605_3,-77.76769751,-77.75519502,Twist
0605_4,-77.77823866,-77.77555525,Twist
0606_2,-77.68826636,-77.68178041,H_Dissociation
0606_3,-77.69300943,-77.68915466,H_Dissociation
0606_4,-77.68193449,-77.67843614,H_Dissociation
0607_2,-77.70815338,-77.70553725,H_Dissociation
0608_2,-77.69566865,-77.69472801,Ethylidene_Bent
0608_3,-77.72219269,-77.71281004,H_Dissociation
0608_4,-77.68399341,-77.68369427,H_Dissociation
0609_2,-77.70462721,-77.69563357,Ethylidene_Bent
0609_3,-77.70836829,-77.70737284,Ethylidene_Straight
0609_4,-77.72899536,-77.7218759,Ethylidene_Bent
0610_2,-77.72309422,-77.72291465,H_Dissociation
0610_3,-77.6825953,-77.67537524,H_Dissociation
0610_4,-77.76712955,-77.76634485,Ethylidene_Bent
0610_5,-77.79808236,-77.79464523,Ethylidene_Bent
0611_2,-77.68377472,-77.67693479,H_Dissociation
0611_3,-77.69258948,-77.69040907,H_Dissociation
0612_2,-77.75893136,-77.75310246,Twist
0612_3,-77.75481355,-77.75141912,Twist
0612_4,-77.7902738,-77.78961381,Ethylidene_Bent
0612_5,-77.79144548,-77.7892231,Ethylidene_Bent
0613_2,-77.6941969,-77.69114353,H_Dissociation
0613_3,-77.67342993,-77.67308583,Ethylidene_Straight
0614_2,-77.77624573,-77.77177693,Twist
0615_2,-77.70675822,-77.70499067,H_Dissociation
0616_2,-77.7657541,-77.76469095,Ethylidene_Bent
0616_3,-77.73677885,-77.73607775,Ethylidene_Straight
0616_4,-77.77702015,-77.77666427,Ethylidene_Bent
0617_2,-77.7699255,-77.76055946,Twist
0617_3,-77.77488714,-77.7656976,Twist
0617_4,-77.81257316,-77.80628713,Twist
0617_5,-77.73726399,-77.72989571,Twist
0618_2,-77.71233106,-77.7115641,Ethylidene_Bent
0618_3,-77.80180157,-77.79723556,Twist
0618_4,-77.76142165,-77.76031522,Ethylidene_Bent
0619_2,-77.79536491,-77.7927082,Twist
0620_2,-77.78296424,-77.77539872,Twist
0620_3,-77.76934632,-77.76823946,Ethylidene_Bent
0620_4,-77.76088706,-77.76035461,Ethylidene_Straight
0621_2,-77.79759477,-77.7958791,Ethylidene_Straight
0621_3,-77.77993899,-77.77949885,Ethylidene_Bent
0622_2,-77.7961206,-77.79533319,Ethylidene_Straight
0622_3,-77.7974309,-77.79718802,Ethylidene_Bent
0622_4,-77.82050299,-77.81909796,Ethylidene_Straight
0623_2,-77.80659012,-77.80543102,Ethylidene_Straight
0623_3,-77.79694328,-77.79652106,Ethylidene_Bent
0624_2,-77.78518953,-77.78014783,Twist
0624_3,-77.76048116,-77.75320511,Twist
0624_4,-77.75885546,-77.75554666,Twist
0625_2,-77.74848725,-77.74495766,Twist
0625_3,-77.72493851,-77.71771077,Twist
0625_4,-77.74041866,-77.73533231,Ethylidene_Straight
0625_5,-77.75935076,-77.75505613,Ethylidene_Straight
0626_2,-77.8005515,-77.79378109,Twist
0626_3,-77.75531816,-77.75384274,Twist
0627_2,-77.80218543,-77.79861763,Twist
0627_3,-77.75165957,-77.74826365,Ethylidene_Bent
0627_4,-77.77975559,-77.77929554,Ethylidene_Bent
0628_2,-77.77165554,-77.77071196,Ethylidene_Straight
0628_3,-77.7930533,-77.79237972,Ethylidene_Straight
0628_4,-77.79730149,-77.79704006,Ethylidene_Bent
0628_5,-77.78699795,-77.78633059,Ethylidene_Straight
0629_2,-77.76527086,-77.7635611,Ethylidene_Straight
0629_3,-77.78147172,-77.77868369,Ethylidene_Straight
0629_4,-77.72427008,-77.71386121,Ethylidene_Bent
0629_5,-77.70341632,-77.70241581,HH_Dissociation
0629_6,-77.71569433,-77.71218585,HH_Dissociation
0630_2,-77.78143658,-77.78020888,Ethylidene_Bent
0630_3,-77.78946074,-77.78895004,Ethylidene_Straight
0630_4,-77.78926204,-77.78916738,Ethylidene_Bent
0630_5,-77.791942,-77.79087227,Ethylidene_Straight
0631_2,-77.80036374,-77.79938008,Ethylidene_Bent
0631_3,-77.74462593,-77.74328776,Ethylidene_Straight
0631_4,-77.70134821,-77.69830266,Ethylidene_Straight
0631_5,-77.73059268,-77.72322072,HH_Dissociation
0631_6,-77.71477246,-77.71390517,HH_Dissociation
0631_7,-77.71836584,-77.71381579,HH_Dissociation
0632_2,-77.70029255,-77.69033352,H_Dissociation
0632_3,-77.75931835,-77.75336262,Twist
0632_4,-77.70806781,-77.70757276,Twist
0632_5,-77.77849516,-77.77592109,Twist
0633_2,-77.70198983,-77.69398496,Ethylidene_Straight
0633_3,-77.69960998,-77.69125054,Ethylidene_Straight
0633_4,-77.68134146,-77.67548566,H_Dissociation
0633_5,-77.72915487,-77.72444964,Twist
0634_2,-77.83846737,-77.83790541,Ethylidene_Straight
0634_3,-77.7915573,-77.7910859,Ethylidene_Straight
0634_4,-77.7867107,-77.78492959,Ethylidene_Straight
0634_5,-77.75860531,-77.75801706,Ethylidene_Bent
0635_2,-77.72655315,-77.72021982,H_Dissociation
0635_3,-77.71110427,-77.71061694,H_Dissociation
0635_4,-77.68613521,-77.68458256,H_Dissociation
0636_2,-77.71260092,-77.70546376,H_Dissociation
0636_3,-77.70719774,-77.69899805,Ethylidene_Bent
0636_4,-77.69559261,-77.68619035,Ethylidene_Bent
0636_5,-77.71441796,-77.70812388,Ethylidene_Bent
0636_6,-77.70229913,-77.69841021,H_Dissociation
0637_2,-77.69890056,-77.69779989,Ethylidene_Bent
0638_2,-77.75145952,-77.74512952,Twist
0638_3,-77.81515913,-77.81414638,Ethylidene_Bent
0639_2,-77.73974099,-77.73292547,Twist
0639_3,-77.73328634,-77.72702553,Twist
0639_4,-77.73675656,-77.73105855,Twist
0640_2,-77.81226195,-77.80936423,Twist
0641_2,-77.77534393,-77.76361507,Twist
0641_3,-77.75820402,-77.75605491,Twist
0642_2,-77.78843236,-77.78061992,Twist
0642_3,-77.81490123,-77.80742668,Twist
0642_4,-77.77309014,-77.76609717,Twist
0642_5,-77.78522722,-77.77572794,Twist
0643_2,-77.76112836,-77.74947127,Twist
0643_3,-77.79879516,-77.79573298,Twist
0644_2,-77.77514084,-77.77093407,Ethylidene_Bent
0644_3,-77.76449744,-77.76392784,Ethylidene_Bent
0644_4,-77.76378091,-77.76156944,Ethylidene_Bent
0644_5,-77.75539749,-77.75404419,Ethylidene_Straight
0645_2,-77.76764482,-77.76040629,Twist
0645_3,-77.75921341,-77.74972388,Twist
0645_4,-77.75906039,-77.7535429,Twist
0645_5,-77.8252546,-77.82496482,Ethylidene_Bent
0645_6,-77.80823151,-77.80771963,Ethylidene_Straight
0645_7,-77.70377928,-77.70325373,Ethylidene_Straight
0646_2,-77.75052281,-77.75019705,Twist
0646_3,-77.77580504,-77.77528285,Twist
0647_2,-77.72179668,-77.71633575,Twist
0647_3,-77.79415713,-77.78536947,Twist
0647_4,-77.72991621,-77.72693655,Twist
0648_2,-77.71421224,-77.70862826,H_Dissociation
0648_3,-77.68953855,-77.68499983,Ethylidene_Bent
0648_4,-77.68723409,-77.68229576,Ethylidene_Straight
0649_2,-77.71076796,-77.71025191,Ethylidene_Bent
0649_3,-77.70202855,-77.68293988,H_Dissociation
0649_4,-77.6696592,-77.66204265,H_Dissociation_Ethylidene
0649_5,-77.80194955,-77.80157486,Ethylidene_Straight
0649_6,-77.72823619,-77.72324416,H_Dissociation_Ethylidene
0650_2,-77.67672496,-77.67012806,Ethylidene_Straight
0650_3,-77.69768666,-77.69472343,Ethylidene_Straight
0650_4,-77.70681564,-77.70467801,Ethylidene_Bent
0651_2,-77.7417456,-77.73229211,Twist
0651_3,-77.69038444,-77.68371692,Twist
0651_4,-77.70288903,-77.69869344,Twist
0652_2,-77.74110486,-77.73472339,Twist
0652_3,-77.82756395,-77.81731788,Twist
0652_4,-77.82337497,-77.82292545,Ethylidene_Straight
0652_5,-77.81062706,-77.80976938,Ethylidene_Bent
0653_10,-77.81785056,-77.81681893,Ethylidene_Straight
0653_2,-77.81234645,-77.81086427,Ethylidene_Bent
0653_3,-77.81002471,-77.80957538,Ethylidene_Straight
0653_4,-77.79506008,-77.7943234,Ethylidene_Bent
0653_5,-77.75673631,-77.75582261,Ethylidene_Bent
0653_6,-77.76074286,-77.76031752,Ethylidene_Bent
0653_7,-77.7438757,-77.73819784,Ethylidene_Bent
0653_8,-77.77614536,-77.77298882,Ethylidene_Straight
0653_9,-77.78091637,-77.7808409,Ethylidene_Straight
0654_2,-77.73072472,-77.72717532,Ethylidene_Straight
0654_3,-77.79243118,-77.78945586,Twist
0655_2,-77.7225351,-77.71642161,Ethylidene_Bent
0655_3,-77.71742313,-77.71632382,H_Dissociation
0656_2,-77.7182333,-77.71181479,Ethylidene_Straight
0656_3,-77.6905526,-77.68517833,H_Dissociation
0656_4,-77.68840816,-77.68753203,H_Dissociation
0657_2,-77.75395914,-77.74834237,Twist
0657_3,-77.79974242,-77.7975751,Twist
0658_2,-77.73615939,-77.73455018,Twist
0659_2,-77.67679181,-77.67282292,Ethylidene_Bent
0659_3,-77.69012947,-77.68597349,H_Dissociation
0660_2,-77.78112742,-77.77788293,Twist
0660_3,-77.75615916,-77.75591216,Ethylidene_Bent
0661_2,-77.70458864,-77.69352861,Twist
0662_2,-77.67214109,-77.67112992,Ethylidene_Straight
0662_3,-77.6833109,-77.67752966,Twist
0662_4,-77.78122779,-77.77060593,Twist
0662_5,-77.74525421,-77.74397475,Twist
0662_6,-77.70491138,-77.7046805,Ethylidene_Bent
0663_2,-77.69571101,-77.69199003,Ethylidene_Straight
0663_3,-77.74259191,-77.73721864,Twist
0664_2,-77.70960166,-77.70711043,Ethylidene_Straight
0664_3,-77.70282009,-77.69703955,Ethylidene_Bent
0665_2,-77.7765715,-77.77323089,Twist
0665_3,-77.76812707,-77.75966415,Twist
0665_4,-77.73459385,-77.73179096,Twist
0666_2,-77.73311476,-77.728713,Twist
0666_3,-77.77978873,-77.77764571,Ethylidene_Bent
0667_2,-77.66937517,-77.66494616,H_Dissociation
0667_3,-77.67076661,-77.66760856,Ethylidene_Straight
0668_2,-77.70747277,-77.70594211,Ethylidene_Bent
0669_2,-77.7672472,-77.76281685,Twist
0669_3,-77.8474069,-77.847127,Ethylidene_Straight
0669_4,-77.7787874,-77.77805089,Ethylidene_Straight
0669_5,-77.79532283,-77.79280896,Ethylidene_Bent
0670_2,-77.78076295,-77.77477625,Twist
0670_3,-77.79163359,-77.78519686,Twist
0670_4,-77.75711682,-77.74749757,Twist
0670_5,-77.80440412,-77.80035701,Ethylidene_Bent
0671_2,-77.78322388,-77.78259721,Twist
0671_3,-77.73824229,-77.73405353,Twist
0672_2,-77.72810361,-77.72376853,Twist
0672_3,-77.72739674,-77.72164619,Twist
0673_2,-77.77265293,-77.76576271,Twist
0673_3,-77.69885591,-77.69346029,Twist
0673_4,-77.79415369,-77.7940557,Ethylidene_Straight
0673_5,-77.7420584,-77.74146075,Ethylidene_Bent
0674_2,-77.82192629,-77.82008779,Ethylidene_Bent
0674_3,-77.78286822,-77.78082636,Ethylidene_Bent
0674_4,-77.78701993,-77.78598031,Ethylidene_Bent
0675_2,-77.7119669,-77.70501966,H_Dissociation
0675_3,-77.70345402,-77.69932939,H_Dissociation
0675_4,-77.70010043,-77.69779466,Ethylidene_Bent
0676_2,-77.76345016,-77.7615317,Twist
0677_2,-77.82675294,-77.82643734,Ethylidene_Straight
0677_3,-77.82680335,-77.82494097,Ethylidene_Straight
0677_4,-77.81020153,-77.80351943,Twist
0678_2,-77.75056303,-77.74296719,Twist
0678_3,-77.72086574,-77.71748354,Ethylidene_Straight
0678_4,-77.70218895,-77.69613792,Ethylidene_Straight
0679_2,-77.6884581,-77.68338858,H_Dissociation
0679_3,-77.68600903,-77.68352129,H_Dissociation
0679_4,-77.71461163,-77.71194741,Twist
0680_2,-77.73572501,-77.73364098,Ethylidene_Bent
0680_3,-77.74394803,-77.74352795,Ethylidene_Straight
0680_4,-77.71087988,-77.70453631,H_Dissociation_Ethylidene
0680_5,-77.71288884,-77.71179124,Ethylidene_Bent
0682_2,-77.75126958,-77.74771093,Twist
0683_2,-77.68172666,-77.67478557,H_Dissociation
0683_3,-77.72900579,-77.72282702,Ethylidene_Bent
0683_4,-77.82084604,-77.82020916,Ethylidene_Bent
0683_5,-77.84988534,-77.84927076,Ethylidene_Bent
0684_2,-77.72142889,-77.71507112,H_Dissociation
0684_3,-77.7975032,-77.78813473,Twist
0684_4,-77.77315682,-77.77070286,Twist
0685_2,-77.75282406,-77.75229853,Ethylidene_Bent
0685_3,-77.76847372,-77.76602546,Ethylidene_Bent
0686_2,-77.72363163,-77.71527881,Ethylidene_Bent
0686_3,-77.76840378,-77.75957377,Twist
0686_4,-77.84083921,-77.84069851,Ethylidene_Bent
0686_5,-77.79802399,-77.79281573,Twist
0687_2,-77.82088132,-77.81937033,Ethylidene_Bent
0687_3,-77.80498947,-77.80382199,0032_5
0687_4,-77.77648439,-77.77569018,Ethylidene_Straight
0687_5,-77.812155,-77.80978589,Ethylidene_Bent
0688_2,-77.82055933,-77.82005233,Ethylidene_Bent
0688_3,-77.77908438,-77.77864444,Ethylidene_Bent
0689_2,-77.71456805,-77.71230627,H_Dissociation
0689_3,-77.70280287,-77.69854253,H_Dissociation
0691_2,-77.71384141,-77.71184319,Twist
0691_3,-77.69583371,-77.6952614,Twist
0692_2,-77.75980105,-77.75699635,Twist
0693_2,-77.73081431,-77.7303432,Ethylidene_Straight
0693_3,-77.72131027,-77.71653341,Ethylidene_Bent
0693_4,-77.69167828,-77.69078793,Ethylidene_Bent
0693_5,-77.72111753,-77.71921002,Ethylidene_Bent
0694_2,-77.76039187,-77.75904331,Twist
0695_2,-77.80179019,-77.79753618,Twist
0695_3,-77.72428278,-77.722168,Twist
0696_2,-77.78738578,-77.78727769,Ethylidene_Straight
0697_2,-77.8102623,-77.80987485,Ethylidene_Straight
0698_2,-77.72144381,-77.71608334,H_Dissociation
0698_3,-77.68174745,-77.67428424,H_Dissociation
0698_4,-77.70974872,-77.69911868,H_Dissociation
0699_2,-77.73133116,-77.72576649,Twist
0699_3,-77.75911207,-77.75676686,Twist
0700_2,-77.72843558,-77.72361291,Twist
0700_3,-77.68242044,-77.68154544,Twist
0701_2,-77.70514554,-77.70459382,Twist
0702_2,-77.78745006,-77.78507498,Ethylidene_Straight
0702_3,-77.72105416,-77.71905419,Twist
0703_2,-77.78764182,-77.7857135,Ethylidene_Bent
0703_3,-77.76477591,-77.76259356,Ethylidene_Straight
0703_4,-77.72696671,-77.72377488,Ethylidene_Straight
0704_2,-77.73838386,-77.73008312,Twist
0704_3,-77.7623901,-77.75866575,Twist
0705_3,-77.72269753,-77.71853235,H_Dissociation
0705_4,-77.6963765,-77.68800705,Ethylidene_Bent
0705_5,-77.70197759,-77.69874067,Ethylidene_Straight
0706_2,-77.7247541,-77.72197839,CC_Dissociation
0707_2,-77.69775964,-77.68864216,Ethylidene_Straight
0707_3,-77.70188265,-77.69992743,Twist
0708_2,-77.73577654,-77.73343484,Twist
0709_2,-77.70054544,-77.6926218,H_Dissociation
0709_3,-77.67982476,-77.67703074,H_Dissociation
0709_4,-77.68790058,-77.68685776,H_Dissociation
0710_10,-77.68037504,-77.68006908,CC_Dissociation
0710_2,-77.70063996,-77.70039758,CC_Dissociation
0710_3,-77.68426212,-77.68396099,CC_Dissociation
0710_4,-77.69941383,-77.69911268,CC_Dissociation
0710_5,-77.70821441,-77.70789288,CC_Dissociation
0710_6,-77.69726458,-77.69696401,CC_Dissociation
0710_7,-77.69867915,-77.69840124,CC_Dissociation
0710_8,-77.69876279,-77.69846465,CC_Dissociation
0710_9,-77.69047268,-77.69015901,CC_Dissociation
0711_2,-77.84187272,-77.84100231,Ethylidene_Straight
0712_2,-77.75858865,-77.74990985,Twist
0712_3,-77.76271958,-77.76041468,Ethylidene_Straight
0712_4,-77.73041726,-77.72981926,Ethylidene_Straight
0712_5,-77.77347054,-77.77293207,Ethylidene_Bent
0713_2,-77.72438455,-77.71931528,H_Dissociation
0713_3,-77.68835375,-77.68578391,Ethylidene_Straight
0714_2,-77.73584729,-77.73181828,Twist
0714_3,-77.76112692,-77.75965541,Ethylidene_Straight
0715_2,-77.7484061,-77.73780061,Twist
0715_3,-77.7904256,-77.78118089,Twist
0715_4,-77.73976533,-77.73066926,Twist
0715_5,-77.78893102,-77.78045525,Twist
0715_6,-77.77868809,-77.77860894,Ethylidene_Bent
0715_7,-77.83047153,-77.8293365,Ethylidene_Bent
0717_2,-77.76876181,-77.76504488,Ethylidene_Bent
0717_3,-77.83940183,-77.83554013,Ethylidene_Bent
0718_2,-77.76004094,-77.75577855,Twist
0718_3,-77.76530346,-77.75737846,Twist
0719_2,-77.7061454,-77.70190903,Twist
0719_3,-77.75055989,-77.74395533,Twist
0720_2,-77.71489329,-77.70793333,H_Dissociation
0720_3,-77.70312649,-77.69565922,Ethylidene_Bent
0720_4,-77.68904712,-77.68182125,H_Dissociation
0720_5,-77.72080138,-77.71697614,H_Dissociation
0721_2,-77.70234793,-77.6979929,H_Dissociation
0721_3,-77.70740015,-77.69876869,H_Dissociation
0721_4,-77.69780086,-77.68940488,H_Dissociation
0721_5,-77.66934235,-77.66061915,Ethylidene_Straight
0722_2,-77.77643158,-77.77616011,Ethylidene_Straight
0722_3,-77.75988767,-77.75976457,Ethylidene_Bent
0722_4,-77.70451612,-77.7041701,Ethylidene_Bent
0722_5,-77.75463949,-77.75454638,Ethylidene_Bent
0722_6,-77.79350563,-77.79343504,Ethylidene_Bent
0722_7,-77.82515691,-77.82334314,Ethylidene_Bent
0723_2,-77.68249725,-77.67844539,H_Dissociation
0723_3,-77.70443956,-77.69697434,H_Dissociation
0723_4,-77.7070165,-77.69866417,H_Dissociation
0723_5,-77.69067147,-77.68836627,Twist
0724_2,-77.70578765,-77.70080719,Ethylidene_Straight
0724_3,-77.67316341,-77.67267355,H_Dissociation
0725_2,-77.69697722,-77.69499908,Twist
0726_2,-77.71426143,-77.70725117,Twist
0726_3,-77.78607417,-77.78323012,Ethylidene_Bent
0726_4,-77.715208,-77.71333024,Ethylidene_Straight
0727_2,-77.71159773,-77.71062149,Ethylidene_Bent
0727_3,-77.71730515,-77.7123382,Ethylidene_Bent
0728_2,-77.82583007,-77.82560508,Ethylidene_Bent
0728_3,-77.79472607,-77.78643562,Twist
0728_4,-77.79695409,-77.78970578,Twist
0728_5,-77.78290106,-77.77505715,Twist
0728_6,-77.74918015,-77.74655458,Ethylidene_Straight
0729_2,-77.73435494,-77.73399956,Twist
0729_3,-77.76743718,-77.76498963,Twist
0730_2,-77.78090689,-77.77623102,Twist
0730_3,-77.72270055,-77.72059352,Twist
0731_2,-77.7062157,-77.6985197,Ethylidene_Bent
0731_3,-77.81536464,-77.8100283,Twist
0732_2,-77.70781171,-77.70653159,Ethylidene_Bent
0733_2,-77.81218705,-77.80916039,Ethylidene_Bent
0734_2,-77.71831799,-77.71031783,Twist
0734_3,-77.73417224,-77.73139208,Ethylidene_Straight
0734_4,-77.72915672,-77.72815005,Ethylidene_Straight
0735_2,-77.7542429,-77.75300654,Twist
0736_2,-77.76316784,-77.76072976,Ethylidene_Bent
0736_3,-77.73719586,-77.73668734,Ethylidene_Bent
0737_2,-77.71950299,-77.71007128,H_Dissociation
0737_3,-77.84676191,-77.84614522,Ethylidene_Bent
0738_2,-77.73089166,-77.72954957,Twist
0738_3,-77.71075758,-77.70779633,Ethylidene_Bent
0738_4,-77.65091104,-77.64720396,Ethylidene_Bent
0739_2,-77.77435814,-77.76531327,Twist
0739_3,-77.69015308,-77.68321288,Twist
0739_4,-77.68853072,-77.68827707,Twist
0739_5,-77.69940037,-77.69506614,H_Dissociation
0740_2,-77.8089925,-77.80225087,Twist
0740_3,-77.79602933,-77.79549911,Ethylidene_Straight
0740_4,-77.80487365,-77.80473229,Ethylidene_Straight
0741_2,-77.74871783,-77.74442362,Twist
0741_3,-77.71876621,-77.71381854,Twist
0742_2,-77.67271166,-77.67252765,CC_Dissociation
0742_3,-77.66184862,-77.66176884,CC_Dissociation
0742_4,-77.66700951,-77.66700399,CC_Dissociation
0743_2,-77.72088858,-77.72021104,H_Dissociation
0743_3,-77.72091431,-77.71084891,H_Dissociation
0743_4,-77.70509029,-77.7032156,Ethylidene_Bent
0744_2,-77.80300998,-77.80079147,Twist
0745_2,-77.77017942,-77.76482767,Twist
0745_3,-77.81976575,-77.81305575,Twist
0746_2,-77.72502983,-77.72234911,Twist
0746_3,-77.76955232,-77.7686466,Ethylidene_Straight
0746_4,-77.74459808,-77.74242581,Ethylidene_Straight
0746_5,-77.82365363,-77.81949816,Ethylidene_Bent
0746_6,-77.73190994,-77.72936901,Ethylidene_Bent
0748_2,-77.72956959,-77.72562347,Twist
0748_3,-77.72840067,-77.72618189,Twist
0749_2,-77.74281239,-77.7331588,Twist
0749_3,-77.7921533,-77.78991866,Twist
0750_2,-77.75339114,-77.75302911,Twist
0750_3,-77.85190721,-77.85031542,Ethylidene_Straight
0751_2,-77.72372025,-77.71962256,Twist
0751_3,-77.74104666,-77.74051999,Ethylidene_Bent
0751_4,-77.80158939,-77.79938308,Ethylidene_Straight
0751_5,-77.73449578,-77.73366721,Ethylidene_Straight
0752_2,-77.67043587,-77.66512131,Twist
0752_3,-77.68014526,-77.67085692,Twist
0752_4,-77.68404311,-77.6833411,Twist
0753_2,-77.76524979,-77.76084363,Twist
0753_3,-77.72512276,-77.71973264,Twist
0753_4,-77.71480133,-77.712644,Twist
0754_2,-77.69442893,-77.69086908,Ethylidene_Straight
0754_3,-77.78295533,-77.78256952,Ethylidene_Bent
0755_2,-77.69675829,-77.69580412,Ethylidene_Straight
0756_2,-77.69112079,-77.67787219,H_Dissociation
0756_3,-77.72451653,-77.7241627,Ethylidene_Straight
0756_4,-77.72137096,-77.72109239,Ethylidene_Bent
0756_5,-77.69576277,-77.68852602,Ethylidene_Straight
0757_2,-77.79958227,-77.79008571,Twist
0757_3,-77.73920456,-77.7374373,Twist
0758_2,-77.797962,-77.7975774,Ethylidene_Straight
0758_3,-77.73582483,-77.7351929,Ethylidene_Straight
0759_10,-77.70024079,-77.70000394,CC_Dissociation
0759_11,-77.70176,-77.70155848,CC_Dissociation
0759_12,-77.70609321,-77.70598059,CC_Dissociation
0759_13,-77.69230667,-77.69198509,CC_Dissociation
0759_14,-77.68908941,-77.68879734,CC_Dissociation
0759_2,-77.73560274,-77.72174056,CC_Dissociation
0759_3,-77.69799109,-77.69771648,CC_Dissociation
0759_4,-77.70305332,-77.70278129,CC_Dissociation
0759_5,-77.69780538,-77.69769398,CC_Dissociation
0759_6,-77.69503229,-77.694778,CC_Dissociation
0759_7,-77.69403981,-77.69382174,CC_Dissociation
0759_8,-77.69364045,-77.69348613,CC_Dissociation
0759_9,-77.69130463,-77.69116884,CC_Dissociation
0760_2,-77.70116531,-77.69912778,Ethylidene_Straight
0761_2,-77.7672502,-77.75850654,Twist
0761_3,-77.72721577,-77.72127428,Twist
0761_4,-77.7910918,-77.79072351,Ethylidene_Straight
0761_5,-77.81055586,-77.80919611,Ethylidene_Straight
0762_2,-77.79756625,-77.79659585,Twist
0762_3,-77.7519909,-77.74593847,Twist
0762_4,-77.85119478,-77.84872965,Ethylidene_Bent
0762_5,-77.77539039,-77.77471573,Ethylidene_Bent
0763_2,-77.75097161,-77.74475234,Twist
0763_3,-77.7260115,-77.72594627,Twist
0764_2,-77.69121257,-77.66819513,Twist
0764_3,-77.72858955,-77.71837333,Twist
0764_4,-77.75364802,-77.75255676,Ethylidene_Bent
0764_5,-77.77495758,-77.77240531,Ethylidene_Bent
0765_2,-77.79047548,-77.78364163,Twist
0765_3,-77.81002431,-77.80784483,Ethylidene_Bent
0766_2,-77.70521386,-77.70017551,Twist
0766_3,-77.72051126,-77.71911673,Ethylidene_Bent
0767_2,-77.78927145,-77.77990135,Twist
0767_3,-77.81268664,-77.81117057,Twist
0767_4,-77.79001806,-77.78586952,Ethylidene_Straight
0767_5,-77.77451419,-77.76963625,Ethylidene_Bent
0768_2,-77.72622826,-77.72267356,Twist
0768_3,-77.75803749,-77.75224736,Twist
0769_2,-77.71119723,-77.7005629,Twist
0769_3,-77.73977707,-77.73754924,Twist
0770_2,-77.75133475,-77.74429538,Twist
0770_3,-77.807491,-77.80712359,Ethylidene_Straight
0770_4,-77.74924732,-77.74453237,Ethylidene_Bent
0770_5,-77.8218927,-77.82121857,Ethylidene_Straight
0771_2,-77.75484403,-77.74849542,Twist
0771_3,-77.79644162,-77.78934548,Twist
0771_4,-77.79115805,-77.78476886,Twist
0771_5,-77.78966147,-77.78660274,Twist
0772_2,-77.78200519,-77.77935944,Twist
0773_2,-77.70408038,-77.69137337,CC_Dissociation
0773_3,-77.66510535,-77.66489145,CC_Dissociation
0773_4,-77.67384421,-77.6734554,Twist
0774_2,-77.70728767,-77.70447884,Ethylidene_Straight
0775_2,-77.73608625,-77.73185312,Twist
0775_3,-77.75070262,-77.73984149,Twist
0775_4,-77.75555188,-77.75529416,Twist
0775_5,-77.77183051,-77.77153458,Twist
0776_2,-77.69238815,-77.68923149,Ethylidene_Bent
0776_3,-77.71997151,-77.71833848,Ethylidene_Straight
0776_4,-77.75593252,-77.75589798,Ethylidene_Straight
0776_5,-77.73731059,-77.73430589,Ethylidene_Bent
0776_6,-77.68603991,-77.68509816,Ethylidene_Straight
0777_2,-77.71929219,-77.71205569,H_Dissociation
0777_3,-77.72521895,-77.72366514,H_Dissociation
0777_4,-77.76510162,-77.75994848,Twist
0777_5,-77.7489968,-77.74272584,Twist
0778_2,-77.70173334,-77.69944246,Ethylidene_Bent
0778_3,-77.73042829,-77.73026025,Ethylidene_Straight
0778_4,-77.74581396,-77.74034985,Ethylidene_Bent
0779_2,-77.69267765,-77.68353297,H_Dissociation
0779_3,-77.69292796,-77.68810882,Ethylidene_Straight
0779_4,-77.72309259,-77.72058227,Ethylidene_Bent
0780_2,-77.74266984,-77.73212223,Twist
0780_3,-77.73519826,-77.72694936,Twist
0780_4,-77.74732354,-77.7396878,Twist
0780_5,-77.76851209,-77.75980475,Twist
0780_6,-77.78559439,-77.77743878,Twist
0781_2,-77.78024473,-77.76730453,Ethylidene_Straight
0781_3,-77.73677713,-77.73105974,Twist
0781_4,-77.73454033,-77.72714206,Ethylidene_Bent
0781_5,-77.79743488,-77.79546711,Ethylidene_Bent
0781_6,-77.76908419,-77.76898073,Ethylidene_Bent
0781_7,-77.75941685,-77.75278338,Ethylidene_Bent
0781_8,-77.74692652,-77.73657391,Twist
0782_2,-77.70036639,-77.69715803,H_Dissociation
0782_3,-77.69544472,-77.69018502,H_Dissociation
0783_2,-77.7835525,-77.78136504,Twist
0784_2,-77.75633876,-77.75182181,Twist
0784_3,-77.73101377,-77.7290869,Twist
0785_2,-77.7086661,-77.70414812,Ethylidene_Straight
0785_3,-77.70591502,-77.69833088,Twist
0785_4,-77.76120112,-77.75830446,Twist
0786_2,-77.71544134,-77.71467912,Twist
0787_2,-77.71759228,-77.71670032,H_Dissociation
0788_2,-77.71204761,-77.71065314,H_Dissociation
0789_2,-77.6914355,-77.68663009,Ethylidene_Straight
0789_3,-77.7032729,-77.69695418,H_Dissociation
0790_2,-77.73573696,-77.73057351,Twist
0790_3,-77.75712688,-77.75605254,Ethylidene_Straight
0790_4,-77.80656057,-77.80552799,Ethylidene_Bent
0790_5,-77.78109319,-77.78005384,Ethylidene_Bent
0790_6,-77.69510929,-77.69502753,Ethylidene_Bent
0790_7,-77.74021831,-77.73979631,Ethylidene_Bent
0791_3,-77.72371123,-77.71974924,Ethylidene_Bent
0791_4,-77.71235651,-77.71169329,Ethylidene_Bent
0791_5,-77.80691805,-77.806104,Ethylidene_Straight
0792_2,-77.78872256,-77.78758277,Ethylidene_Straight
0792_3,-77.76380024,-77.76161236,Ethylidene_Bent
0792_4,-77.76099727,-77.75675886,Ethylidene_Straight
0793_2,-77.75029922,-77.74700836,Twist
0793_3,-77.76723473,-77.7640567,Twist
0794_2,-77.75666246,-77.75531088,Ethylidene_Bent
0794_3,-77.71116365,-77.70408979,Ethylidene_Straight
0794_4,-77.74297423,-77.74251929,Ethylidene_Bent
0795_2,-77.69767655,-77.6967431,CC_Dissociation
0796_3,-77.80320202,-77.8008397,Twist
0797_2,-77.70763772,-77.69977143,Ethylidene_Bent
0797_3,-77.69568089,-77.69346901,H_Dissociation
0798_2,-77.72315645,-77.721782,Ethylidene_Straight
0799_2,-77.67294994,-77.67165914,H_Dissociation
0800_2,-77.72601677,-77.72269031,Twist
0800_3,-77.76399182,-77.75966171,Ethylidene_Bent
0801_2,-77.76264009,-77.76157458,Ethylidene_Straight
0801_3,-77.8085511,-77.80750868,Ethylidene_Bent
0802_2,-77.73429455,-77.73286016,Ethylidene_Bent
0802_3,-77.78262593,-77.78196235,Ethylidene_Straight
0802_4,-77.8136552,-77.81121888,Ethylidene_Straight
0803_2,-77.73004098,-77.72226431,H_Dissociation
0803_3,-77.69485137,-77.69168499,H_Dissociation
0804_2,-77.7029486,-77.69136824,Ethylidene_Bent
0804_3,-77.72287552,-77.72024483,Ethylidene_Bent
0805_2,-77.71197904,-77.70970035,Twist
0805_3,-77.69403862,-77.68919903,Twist
0806_2,-77.78098404,-77.77115674,Twist
0806_3,-77.79538776,-77.79379645,Ethylidene_Bent
0806_4,-77.77804413,-77.77709855,Ethylidene_Bent
0807_2,-77.80807999,-77.80304308,Twist
0807_3,-77.79936379,-77.79868581,Twist
0807_4,-77.80269221,-77.79800536,Twist
0808_2,-77.76436221,-77.76191619,Twist
0809_2,-77.77634404,-77.77332725,Twist
0810_2,-77.7312237,-77.71789814,Twist
0810_3,-77.77556329,-77.77334761,Ethylidene_Bent
0810_4,-77.8376363,-77.83638016,Ethylidene_Bent
0811_2,-77.72234293,-77.71942975,Ethylidene_Straight
0811_3,-77.70940159,-77.70884083,H_Dissociation
0812_2,-77.7538674,-77.74983454,Twist
0812_3,-77.78550586,-77.78482057,Ethylidene_Bent
0813_2,-77.73630758,-77.73358815,Twist
0814_2,-77.779237,-77.7779369,Ethylidene_Bent
0814_3,-77.79688778,-77.79672035,Ethylidene_Straight
0814_4,-77.74549181,-77.74089776,Ethylidene_Straight
0814_5,-77.75181746,-77.74412504,Ethylidene_Bent
0814_6,-77.74543553,-77.74459748,Ethylidene_Straight
0815_2,-77.79026023,-77.78876876,Ethylidene_Bent
0815_3,-77.7313967,-77.73037494,Ethylidene_Straight
0815_4,-77.68896332,-77.67802245,Ethylidene_Straight
0815_5,-77.74292571,-77.73736694,Ethylidene_Straight
0815_6,-77.76609752,-77.76461318,Ethylidene_Bent
0816_3,-77.76800909,-77.76378782,Twist
0816_4,-77.80417113,-77.80356271,Twist
0817_2,-77.76728351,-77.76368072,Twist
0817_3,-77.71134175,-77.7108727,0341_3
0818_2,-77.6939171,-77.68647252,H_Dissociation
0818_3,-77.68653469,-77.6832861,Twist
0818_4,-77.67481697,-77.66618553,Twist
0818_5,-77.69178712,-77.68378853,Ethylidene_Bent
0819_2,-77.80689693,-77.79766822,Twist
0819_3,-77.80208787,-77.80106538,Ethylidene_Straight
0820_2,-77.6989359,-77.69208072,Twist
0820_3,-77.71310612,-77.70531315,Twist
0820_4,-77.69487034,-77.69391117,Twist
0820_5,-77.70112804,-77.69914834,Twist
0820_6,-77.67705034,-77.67141088,Ethylidene_Bent
0820_7,-77.72706628,-77.72293725,Twist
0821_2,-77.76622541,-77.76167169,Twist
0821_3,-77.69426602,-77.68502952,Ethylidene_Bent
0821_4,-77.72648927,-77.72077897,Twist
0821_5,-77.71344781,-77.71297143,Ethylidene_Bent
0822_2,-77.73131766,-77.73123253,Ethylidene_Bent
0822_3,-77.7276679,-77.72686697,Ethylidene_Straight
0823_2,-77.74766422,-77.74422297,Twist
0823_3,-77.73158215,-77.72818529,Twist
0824_2,-77.80478094,-77.80443551,Ethylidene_Bent
0824_3,-77.82373425,-77.82222856,Ethylidene_Bent
0824_4,-77.75216327,-77.75173322,Ethylidene_Straight
0825_2,-77.76383636,-77.76004722,Ethylidene_Bent
0825_3,-77.83716345,-77.8362073,Ethylidene_Bent
0826_2,-77.69886223,-77.69043818,Ethylidene_Straight
0826_3,-77.70455684,-77.69921932,Ethylidene_Straight
0826_4,-77.6751361,-77.67199934,H_Dissociation
0827_2,-77.7155714,-77.71002832,H_Dissociation
0827_3,-77.72181926,-77.71336154,Ethylidene_Bent
0827_4,-77.71162792,-77.69992984,H_Dissociation
0827_5,-77.71823557,-77.71106989,H_Dissociation
0827_6,-77.71271907,-77.70496741,H_Dissociation
0827_7,-77.69845195,-77.69707337,H_Dissociation
0828_2,-77.75364379,-77.75226042,Twist
0829_2,-77.75364784,-77.75145438,Ethylidene_Bent
0829_3,-77.81569991,-77.81462287,Ethylidene_Bent
0830_2,-77.70565752,-77.6976906,H_Dissociation
0830_3,-77.7022383,-77.69828423,Ethylidene_Straight
0830_4,-77.69442843,-77.6895115,H_Dissociation
0831_2,-77.75089813,-77.74309711,Twist
0831_3,-77.76067723,-77.75624665,Twist
0831_4,-77.74287878,-77.74034842,Twist
0832_2,-77.70229528,-77.70005804,H_Dissociation
0833_2,-77.77375147,-77.76969714,Twist
0833_3,-77.77302531,-77.76974833,0322_3
0834_2,-77.72187188,-77.71917072,Twist
0834_3,-77.77246597,-77.77172607,Ethylidene_Bent
0835_2,-77.68661064,-77.67990936,Twist
0835_3,-77.74237839,-77.73353612,Twist
0835_4,-77.71131119,-77.70193248,Twist
0835_5,-77.73980002,-77.73356113,Twist
0836_2,-77.72224468,-77.71891947,H_Dissociation
0836_3,-77.71548688,-77.71539781,H_Dissociation
0837_2,-77.76036665,-77.75166444,Twist
0837_3,-77.77086032,-77.7644092,Twist
0837_4,-77.76173485,-77.75978854,Twist
0838_2,-77.74867928,-77.74414907,Twist
0838_3,-77.72312008,-77.72287251,Ethylidene_Straight
0839_3,-77.70935044,-77.69899428,Twist
0839_4,-77.811685,-77.8027124,Twist
0839_5,-77.71964481,-77.71913876,Twist
0839_6,-77.74581514,-77.74562228,Ethylidene_Straight
0839_7,-77.79001143,-77.78984428,Ethylidene_Bent
0839_8,-77.74470969,-77.74418437,Ethylidene_Bent
0839_9,-77.72695689,-77.72426917,Ethylidene_Bent
0840_2,-77.73514686,-77.73205559,Twist
0840_3,-77.75822971,-77.74974994,Twist
0840_4,-77.75263188,-77.74851831,Twist
0841_2,-77.74026137,-77.73346143,Twist
0841_3,-77.81354747,-77.80743902,Twist
0841_4,-77.73226655,-77.72676613,Twist
0842_2,-77.64410866,-77.63637853,H_Dissociation
0842_3,-77.70141319,-77.69215268,H_Dissociation
0842_4,-77.76706237,-77.76474368,Twist
0843_2,-77.72346125,-77.72207383,H_Dissociation
0844_2,-77.80617918,-77.80602742,Ethylidene_Bent
0845_2,-77.76776184,-77.76726453,Twist
0845_3,-77.76901153,-77.76402209,Twist
0845_4,-77.74451048,-77.7376009,Twist
0845_5,-77.79222255,-77.79032207,Twist
0846_2,-77.70498925,-77.69596386,Ethylidene_Straight
0846_3,-77.75719972,-77.75417216,Twist
0846_4,-77.70430953,-77.70123874,Twist
0847_2,-77.68664369,-77.68560856,Twist
0848_2,-77.76970644,-77.7675342,Twist
0849_2,-77.74017306,-77.73607217,Twist
0849_3,-77.76887048,-77.76774598,Ethylidene_Straight
0849_4,-77.73200538,-77.7297723,Ethylidene_Bent
0850_2,-77.77882909,-77.77763049,Ethylidene_Straight
0850_3,-77.73664946,-77.73210549,Ethylidene_Straight
0850_4,-77.82892858,-77.82831944,Ethylidene_Bent
0851_2,-77.72548082,-77.72070143,Ethylidene_Bent
0851_3,-77.72277252,-77.71256921,Ethylidene_Bent
0851_4,-77.70968109,-77.70349697,H_Dissociation
0851_5,-77.70644732,-77.70073788,H_Dissociation
0852_2,-77.69594466,-77.69209575,H_Dissociation
0852_3,-77.72709,-77.7181516,H_Dissociation
0852_4,-77.71518129,-77.71327339,H_Dissociation
0853_2,-77.80741911,-77.80736147,Ethylidene_Bent
0853_3,-77.76577377,-77.76306635,Ethylidene_Straight
0853_4,-77.75076266,-77.75066155,Ethylidene_Bent
0853_5,-77.8175141,-77.8172634,Ethylidene_Bent
0853_6,-77.83296376,-77.83262778,Ethylidene_Straight
0854_2,-77.70603227,-77.70398118,H_Dissociation
0854_3,-77.7020491,-77.69971989,Ethylidene_Bent
0855_2,-77.75637993,-77.75225696,Twist
0855_3,-77.66861867,-77.66856762,Ethylidene_Bent
0856_2,-77.71520172,-77.7124282,Ethylidene_Bent
0857_2,-77.73841494,-77.73699209,Ethylidene_Bent
0857_3,-77.71643052,-77.71319421,0341_3
0857_4,-77.72854411,-77.72830364,Ethylidene_Straight
0857_5,-77.79969767,-77.79933386,Ethylidene_Straight
0858_2,-77.70895878,-77.69949184,Ethylidene_Straight
0858_3,-77.7756578,-77.77507375,Twist
0858_4,-77.72662527,-77.71420758,Twist
0858_5,-77.75872165,-77.75189907,Twist
0859_2,-77.76466286,-77.76067674,Ethylidene_Straight
0859_3,-77.72958589,-77.71880106,Twist
0859_4,-77.80831261,-77.80748141,Ethylidene_Straight
0860_3,-77.77163592,-77.76892407,Ethylidene_Bent
0860_4,-77.74963503,-77.7487616,Ethylidene_Bent
0860_5,-77.75910475,-77.75793718,Ethylidene_Straight
0861_2,-77.72738905,-77.72242474,Ethylidene_Straight
0861_3,-77.77997848,-77.77965822,Ethylidene_Bent
0861_4,-77.74777332,-77.74693179,Ethylidene_Straight
0861_5,-77.75078469,-77.74801992,Ethylidene_Bent
0862_2,-77.79447449,-77.7828474,Twist
0862_3,-77.74547132,-77.74377857,Twist
0863_2,-77.7663084,-77.75780708,Twist
0863_3,-77.76201636,-77.76159433,Ethylidene_Straight
0863_4,-77.71348363,-77.71219166,Ethylidene_Straight
0863_5,-77.81849742,-77.81761598,Ethylidene_Bent
0863_6,-77.79634538,-77.79511111,Ethylidene_Straight
0864_2,-77.79293226,-77.79173806,Ethylidene_Bent
0864_3,-77.71897678,-77.71418275,Twist
0865_2,-77.71988779,-77.71362373,Twist
0865_3,-77.78245472,-77.7748143,Ethylidene_Straight
0865_4,-77.75087217,-77.74567958,Ethylidene_Straight
0865_5,-77.73030305,-77.72389387,Twist
0866_2,-77.76075088,-77.74621757,Ethylidene_Straight
0866_3,-77.78721948,-77.78447028,Ethylidene_Bent
0867_2,-77.7864806,-77.78341406,Twist
0867_3,-77.74101008,-77.73349618,Twist
0868_2,-77.73772885,-77.72933355,Twist
0868_3,-77.7502021,-77.74270172,Twist
0868_4,-77.79218509,-77.79003629,Ethylidene_Bent
0869_2,-77.78071539,-77.77743166,Ethylidene_Straight
0869_3,-77.66871755,-77.66750404,Ethylidene_Straight
0870_2,-77.78085988,-77.77842687,Twist
0871_2,-77.70672091,-77.70346433,CC_Dissociation
0871_3,-77.70097618,-77.70027699,CC_Dissociation
0872_2,-77.68367266,-77.67514921,Twist
0872_3,-77.69656025,-77.69392904,Twist
0873_2,-77.75714006,-77.74975317,Twist
0873_3,-77.79505004,-77.79393581,Ethylidene_Straight
0873_4,-77.75314674,-77.75200786,Ethylidene_Straight
0874_2,-77.72477944,-77.72443081,Ethylidene_Bent
0874_3,-77.72383493,-77.72370846,Ethylidene_Straight
0874_4,-77.82816051,-77.8264102,Ethylidene_Bent
0874_5,-77.7372475,-77.73628617,Ethylidene_Bent
0874_6,-77.74737114,-77.74727799,Ethylidene_Straight
0874_7,-77.78444894,-77.78216766,Twist
0875_2,-77.75782484,-77.75701419,Ethylidene_Bent
0875_3,-77.78934,-77.78818576,Ethylidene_Bent
0875_4,-77.75950111,-77.75698193,Ethylidene_Straight
0875_5,-77.79255517,-77.79247412,Ethylidene_Straight
0875_6,-77.79355163,-77.7928689,Ethylidene_Straight
0876_2,-77.69419316,-77.69046341,H_Dissociation
0876_3,-77.83982515,-77.83918559,Ethylidene_Bent
0876_4,-77.83884093,-77.8373645,Ethylidene_Bent
0877_2,-77.71815813,-77.71788854,Ethylidene_Straight
0877_3,-77.75293577,-77.74671593,Ethylidene_Straight
0877_4,-77.73926695,-77.73923885,Ethylidene_Bent
0877_5,-77.75240011,-77.7515795,Ethylidene_Bent
0878_2,-77.72156622,-77.71545991,H_Dissociation
0878_3,-77.72286108,-77.71641091,Ethylidene_Bent
0878_4,-77.70785,-77.70634212,Ethylidene_Bent
0879_2,-77.76662752,-77.76437523,Twist
0880_2,-77.79353811,-77.79319256,Ethylidene_Bent
0880_3,-77.72106001,-77.71860466,Ethylidene_Bent
0880_4,-77.72685233,-77.72368036,Ethylidene_Straight
0880_5,-77.77527099,-77.77478797,Ethylidene_Bent
0881_2,-77.73736835,-77.73416949,Twist
0881_3,-77.79484454,-77.78575008,Twist
0881_4,-77.80908852,-77.80470655,Twist
0882_2,-77.75667099,-77.753462,Twist
0882_3,-77.81242681,-77.80904237,Ethylidene_Bent
0884_2,-77.69385826,-77.68969053,Ethylidene_Straight
0884_3,-77.71776219,-77.71641649,H_Dissociation
0885_3,-77.7482557,-77.74654741,Ethylidene_Straight
0885_4,-77.72394259,-77.72115394,Ethylidene_Straight
0886_2,-77.8087667,-77.80285572,Twist
0886_3,-77.78144163,-77.78024039,Twist
0887_2,-77.70717011,-77.69888794,Twist
0887_3,-77.73436708,-77.72516708,Twist
0888_2,-77.76795594,-77.7630858,Twist
0888_3,-77.82237561,-77.81841127,Twist
0889_2,-77.7977578,-77.795958,Twist
0890_2,-77.71860297,-77.70850844,Twist
0890_3,-77.68989429,-77.68725935,Twist
0891_2,-77.79997487,-77.79125014,Twist
0891_3,-77.75259951,-77.74683933,Twist
0891_4,-77.75538394,-77.75108691,Twist
0892_2,-77.74422618,-77.74250094,Twist
0893_2,-77.72883677,-77.72185847,Ethylidene_Straight
0893_3,-77.77062098,-77.76976812,Ethylidene_Straight
0893_4,-77.78277118,-77.78101933,Ethylidene_Bent
0893_5,-77.85051668,-77.84939481,Ethylidene_Bent
0894_2,-77.72876,-77.72837761,Twist
0894_3,-77.7449102,-77.74415916,Twist
0894_4,-77.74912379,-77.74568428,Twist
0895_2,-77.69312745,-77.68606407,Ethylidene_Bent
0895_3,-77.70877369,-77.70167293,Ethylidene_Bent
0895_4,-77.70161515,-77.69835487,Ethylidene_Bent
0895_5,-77.68855656,-77.6878766,H_Dissociation
0896_2,-77.70604757,-77.70228588,Twist
0896_3,-77.78439404,-77.77959307,Twist
0897_2,-77.73242877,-77.72715088,Twist
0897_3,-77.73006122,-77.72372608,Twist
0898_2,-77.81960228,-77.81861636,Ethylidene_Straight
0898_3,-77.8095886,-77.80898031,Ethylidene_Bent
0899_2,-77.66296874,-77.65327819,Ethylidene_Bent
0899_3,-77.69645479,-77.69618331,Ethylidene_Bent
0900_2,-77.74825085,-77.74749051,Ethylidene_Straight
0900_3,-77.74451392,-77.74267695,Ethylidene_Bent
0900_4,-77.84932116,-77.84762699,Ethylidene_Bent
0901_2,-77.82027935,-77.81843307,Ethylidene_Straight
0902_2,-77.70311275,-77.69614443,H_Dissociation
0902_3,-77.71889078,-77.71840195,H_Dissociation
0902_4,-77.68884881,-77.68297206,Ethylidene_Bent
0902_5,-77.6813479,-77.67967828,H_Dissociation
0903_2,-77.69629372,-77.68970993,Ethylidene_Bent
0903_3,-77.63474208,-77.63313241,Ethylidene_Straight
0904_2,-77.72164286,-77.71351983,Twist
0905_2,-77.70566941,-77.69953741,H_Dissociation
0905_3,-77.69271594,-77.69168605,Ethylidene_Straight
0906_2,-77.7769661,-77.76677166,Twist
0906_3,-77.75015459,-77.74872157,Twist
0906_4,-77.79064458,-77.79017345,Twist
0907_2,-77.78840299,-77.78538297,Twist
0908_2,-77.737287,-77.7347918,Ethylidene_Bent
0908_3,-77.80491849,-77.8036527,Ethylidene_Bent
0909_2,-77.77670235,-77.76897224,Twist
0909_3,-77.79754326,-77.79503407,Twist
0909_4,-77.73062954,-77.72603942,Twist
0910_2,-77.73137833,-77.72927146,Twist
0910_3,-77.7021741,-77.6955921,Twist
0911_2,-77.75781331,-77.75409175,Ethylidene_Bent
0911_3,-77.75171429,-77.74912288,Twist
0913_2,-77.72897863,-77.7226783,Twist
0913_3,-77.73310562,-77.7307492,Twist
0914_2,-77.75857119,-77.75395615,Twist
0914_3,-77.77488035,-77.77483295,Ethylidene_Bent
0914_4,-77.8248664,-77.82396554,Ethylidene_Straight
0915_2,-77.76529931,-77.76083414,Twist
0915_3,-77.76872865,-77.76823296,Twist
0915_4,-77.76293966,-77.76185379,Twist
0916_2,-77.76689669,-77.76343912,Twist
0916_3,-77.72472815,-77.7244306,Ethylidene_Straight
0917_2,-77.76700228,-77.75817029,Twist
0917_3,-77.74919788,-77.74660171,Twist
0918_2,-77.78261874,-77.78173886,Ethylidene_Bent
0918_3,-77.77034948,-77.7701407,Ethylidene_Bent
0919_2,-77.73764369,-77.73393014,Twist
0919_3,-77.72174782,-77.71557502,Twist
0920_2,-77.780965,-77.7767782,Twist
0920_3,-77.75051735,-77.74470679,Twist
0921_2,-77.70718803,-77.70523343,H_Dissociation
0922_2,-77.70877938,-77.70719618,H_Dissociation
0923_2,-77.6671166,-77.65963014,H_Dissociation
0923_3,-77.66372392,-77.65636375,H_Dissociation
0923_4,-77.67440718,-77.66997842,H_Dissociation
0923_5,-77.68050587,-77.67738266,H_Dissociation
0924_2,-77.71198425,-77.70509503,Ethylidene_Straight
0924_3,-77.68675936,-77.68434695,Ethylidene_Bent
0925_2,-77.7057898,-77.69953161,H_Dissociation
0925_3,-77.71327515,-77.70524476,H_Dissociation
0925_4,-77.72092883,-77.71757241,Ethylidene_Straight
0926_2,-77.7685871,-77.7604329,Twist
0926_3,-77.77183547,-77.7680644,Twist
0927_2,-77.78181746,-77.78069909,Twist
0927_3,-77.75937971,-77.75688891,Ethylidene_Bent
0927_5,-77.76620478,-77.75659296,Ethylidene_Straight
0927_6,-77.81951606,-77.81843048,Ethylidene_Bent
0927_7,-77.80411148,-77.80164888,Ethylidene_Bent
0927_8,-77.76111036,-77.75899827,Ethylidene_Straight
0928_3,-77.77934963,-77.77797818,Ethylidene_Straight
0928_4,-77.74068575,-77.73974825,Ethylidene_Bent
0928_5,-77.71828757,-77.71557212,Ethylidene_Bent
0929_2,-77.77770341,-77.77271871,Twist
0929_3,-77.7491227,-77.74790055,Ethylidene_Bent
0930_2,-77.71810044,-77.71137317,Twist
0930_3,-77.71374593,-77.70695589,Twist
0930_4,-77.74787773,-77.74123866,Twist
0931_2,-77.69356385,-77.68675124,Ethylidene_Straight
0931_3,-77.66922131,-77.66237332,H_Dissociation
0931_4,-77.65126311,-77.64548713,Ethylidene_Straight
0932_2,-77.64236925,-77.63842569,H_Dissociation
0932_3,-77.64461556,-77.64356359,H_Dissociation
0933_2,-77.81180694,-77.81139834,Ethylidene_Bent
0933_3,-77.8279474,-77.82599121,Ethylidene_Bent
0933_4,-77.82204083,-77.82176557,Ethylidene_Straight
0933_5,-77.7242552,-77.72131513,Ethylidene_Bent
0934_2,-77.68060092,-77.68029107,CC_Dissociation
0934_3,-77.68365531,-77.6832598,CC_Dissociation
0934_4,-77.66783642,-77.66758732,CC_Dissociation
0934_5,-77.67763473,-77.6774583,CC_Dissociation
0934_6,-77.66381266,-77.66375648,CC_Dissociation
0935_2,-77.78556202,-77.78393503,Twist
0936_2,-77.73304744,-77.73231323,Ethylidene_Bent
0936_3,-77.73441023,-77.73417179,Ethylidene_Bent
0937_2,-77.70742076,-77.70638573,Twist
0938_3,-77.67950762,-77.67415017,H_Dissociation
0938_4,-77.69710894,-77.68876925,H_Dissociation
0938_5,-77.71273904,-77.70516729,H_Dissociation
0938_6,-77.67005061,-77.66773896,H_Dissociation
0939_2,-77.77254934,-77.77199416,Ethylidene_Straight
0939_3,-77.72057369,-77.72011887,Ethylidene_Straight
0939_4,-77.74369676,-77.73341968,Ethylidene_Straight
0939_5,-77.75029836,-77.74805939,Ethylidene_Bent
0940_2,-77.75603217,-77.75207593,Ethylidene_Bent
0940_3,-77.77595814,-77.7736469,Ethylidene_Bent
0940_4,-77.74968746,-77.7492119,Ethylidene_Bent
0940_5,-77.81696419,-77.8167714,Ethylidene_Straight
0940_6,-77.7407197,-77.74006988,Ethylidene_Straight
0941_2,-77.66276162,-77.6595818,H_Dissociation
0941_3,-77.7007629,-77.69472285,Ethylidene_Straight
0941_4,-77.7521019,-77.75147969,Ethylidene_Bent
0942_2,-77.70182719,-77.69957088,Twist
0943_2,-77.73705199,-77.7346952,Ethylidene_Straight
0943_3,-77.79748151,-77.79681495,Ethylidene_Straight
0943_4,-77.7739839,-77.77325436,Ethylidene_Straight
0944_2,-77.72327081,-77.71641936,Twist
0944_3,-77.77971951,-77.77593549,Twist
0944_4,-77.77500658,-77.77437126,Ethylidene_Bent
0944_5,-77.81379675,-77.81297026,Ethylidene_Bent
0945_2,-77.76663861,-77.76523677,Ethylidene_Straight
0945_3,-77.76504071,-77.7640882,Ethylidene_Straight
0945_4,-77.82426888,-77.82301777,Ethylidene_Bent
0945_5,-77.83190747,-77.83172875,Ethylidene_Bent
0946_2,-77.70236617,-77.69578065,Twist
0946_3,-77.74766635,-77.74399932,Twist
0946_4,-77.77693585,-77.77636695,Ethylidene_Bent
0947_2,-77.72012591,-77.71195079,Twist
0947_3,-77.74262857,-77.74068651,Twist
0949_2,-77.70091408,-77.69945547,Ethylidene_Straight
0950_2,-77.77942335,-77.77114056,Twist
0950_3,-77.69067751,-77.69039316,CC_Dissociation
0950_4,-77.70862454,-77.70844373,CC_Dissociation
0950_5,-77.69847479,-77.69847447,CC_Dissociation
0950_6,-77.68053292,-77.68053215,CC_Dissociation
0950_7,-77.70259238,-77.7025829,CC_Dissociation
0951_2,-77.6984932,-77.69283434,H_Dissociation
0951_3,-77.79603544,-77.79437227,Ethylidene_Straight
0951_4,-77.78301833,-77.78172171,Ethylidene_Bent
0951_5,-77.77597328,-77.77356205,Ethylidene_Straight
0951_6,-77.68696981,-77.68675833,0341_3
0951_7,-77.72075998,-77.72047566,0341_3
0951_8,-77.75220241,-77.74951346,Ethylidene_Bent
0952_2,-77.77606341,-77.77433141,Ethylidene_Bent
0952_3,-77.77732219,-77.77318459,Ethylidene_Bent
0952_4,-77.81114041,-77.81056473,Ethylidene_Bent
0952_5,-77.80078675,-77.79843266,Ethylidene_Straight
0953_2,-77.69602214,-77.69276901,Twist
0953_3,-77.6905546,-77.68972986,CC_Dissociation
0954_2,-77.77963331,-77.779145,Ethylidene_Bent
0954_3,-77.78096954,-77.78004485,Ethylidene_Bent
0954_4,-77.8009425,-77.80048354,Ethylidene_Straight
0955_2,-77.7588387,-77.75752159,Ethylidene_Bent
0955_3,-77.80695723,-77.80637216,Ethylidene_Bent
0956_10,-77.70243229,-77.70228212,Ethylidene_Bent
0956_11,-77.80351863,-77.80325294,Ethylidene_Bent
0956_12,-77.80200366,-77.80134345,Ethylidene_Straight
0956_13,-77.7720333,-77.7717528,Ethylidene_Straight
0956_2,-77.78506811,-77.78359613,Ethylidene_Straight
0956_3,-77.7139203,-77.71367842,Ethylidene_Bent
0956_4,-77.7564461,-77.75431205,Ethylidene_Bent
0956_5,-77.77567149,-77.77524822,Ethylidene_Bent
0956_6,-77.74908679,-77.74817992,Ethylidene_Straight
0956_7,-77.7718188,-77.77174785,Ethylidene_Straight
0956_8,-77.81030754,-77.8097726,Ethylidene_Straight
0956_9,-77.74850782,-77.74754662,Ethylidene_Bent
0957_2,-77.68982248,-77.68870995,Twist
0958_2,-77.687621,-77.68569886,Twist
