IC_Spawn,from_state,to_state,singlet_1,singlet_2,singlet_3
0000_2,2,1,-154.67822476,-154.67258899,-154.51406811
0000_3,2,1,-154.65706833,-154.65507247,-154.48546662
0002_10,2,1,-154.62363806,-154.61638381,-154.40847051
0002_11,2,1,-154.62437216,-154.61502136,-154.40983481
0002_12,2,1,-154.62483206,-154.61745652,-154.43619774
0002_13,2,1,-154.63269722,-154.63154666,-154.4157218
0002_14,2,1,-154.65073462,-154.64809804,-154.46537431
0002_15,2,1,-154.63173672,-154.63055043,-154.45973865
0002_2,2,3,-154.88646083,-154.61517996,-154.61423418
0002_3,3,2,-154.82963262,-154.59067705,-154.5893705
0002_4,3,2,-154.76124398,-154.60780266,-154.60635432
0002_5,2,1,-154.64162997,-154.62472687,-154.44605449
0002_6,2,3,-154.72751222,-154.59437562,-154.58368046
0002_7,2,1,-154.63972602,-154.63132805,-154.50110499
0002_8,3,2,-154.72635794,-154.6210065,-154.61494529
0002_9,3,2,-154.78809185,-154.63025301,-154.62546458
0003_10,2,1,-154.64602631,-154.62373705,-154.4776093
0003_11,2,1,-154.64474365,-154.64309689,-154.48221622
0003_12,2,1,-154.6197012,-154.61018771,-154.45623959
0003_13,2,1,-154.63065132,-154.62680449,-154.46618406
0003_2,2,3,-154.88092265,-154.60501391,-154.60351106
0003_3,3,2,-154.86679112,-154.6001674,-154.59895601
0003_4,2,3,-154.66657957,-154.58572018,-154.5800695
0003_5,3,2,-154.74440402,-154.59995593,-154.59333806
0003_6,2,1,-154.65608286,-154.65278911,-154.47862067
0003_7,3,2,-154.80559807,-154.59132158,-154.5910905
0003_8,2,1,-154.66696974,-154.66177741,-154.45414753
0003_9,2,1,-154.63774606,-154.63225918,-154.44853305
0004_10,3,2,-154.7444632,-154.62352862,-154.61791191
0004_11,3,2,-154.72426493,-154.60880281,-154.60507502
0004_12,2,1,-154.60575872,-154.600358,-154.47222097
0004_13,2,1,-154.62581223,-154.62152467,-154.44140731
0004_14,2,1,-154.65649802,-154.65444201,-154.46455544
0004_15,2,1,-154.6509234,-154.6462001,-154.47667669
0004_16,2,1,-154.64010455,-154.63628986,-154.47382309
0004_17,2,1,-154.65677125,-154.65642022,-154.4643024
0004_18,2,1,-154.62451707,-154.62183945,-154.57187679
0004_19,2,1,-154.64186534,-154.62914472,-154.41549233
0004_2,2,3,-154.87911892,-154.60867607,-154.60470939
0004_20,2,1,-154.63023664,-154.63013513,-154.40892594
0004_21,2,1,-154.63400514,-154.62717045,-154.46197182
0004_22,2,1,-154.61843408,-154.60894684,-154.43970267
0004_3,3,2,-154.87876002,-154.605881,-154.60117709
0004_4,3,2,-154.83829692,-154.56808047,-154.56699811
0004_5,2,3,-154.87657767,-154.61186774,-154.60845497
0004_6,3,2,-154.73329101,-154.60520347,-154.59754766
0004_7,3,2,-154.7285345,-154.60136716,-154.5948458
0004_8,3,2,-154.76994246,-154.65221294,-154.64868295
0004_9,3,2,-154.76172753,-154.63208406,-154.62813701
0005_10,2,1,-154.63826713,-154.6353413,-154.49073426
0005_11,2,1,-154.6146685,-154.61180236,-154.5079964
0005_12,3,2,-154.6976897,-154.59484101,-154.59109736
0005_2,2,3,-154.85638674,-154.58804008,-154.58542286
0005_3,3,2,-154.87293688,-154.59830179,-154.59754522
0005_4,3,2,-154.78794417,-154.5886035,-154.58598209
0005_5,3,2,-154.80424184,-154.60479589,-154.60168887
0005_6,2,1,-154.65003176,-154.64693399,-154.4854976
0005_7,3,2,-154.81161181,-154.6132367,-154.61278499
0005_8,2,1,-154.62744469,-154.62486344,-154.45505346
0005_9,2,1,-154.65297764,-154.64983994,-154.50589663
0006_2,2,1,-154.64094483,-154.63213317,-154.45456392
0006_3,2,3,-154.77332051,-154.64861483,-154.60815952
0006_4,2,1,-154.68925056,-154.68277242,-154.4965293
0006_5,2,1,-154.6552281,-154.65382815,-154.47139444
0007_2,2,1,-154.65463633,-154.64872915,-154.4332157
0007_3,2,1,-154.68053902,-154.67591896,-154.45668181
0007_4,2,1,-154.6404079,-154.63811298,-154.47265675
0008_10,2,3,-154.76512749,-154.62202111,-154.61815872
0008_11,3,2,-154.7491875,-154.64035785,-154.63730237
0008_12,2,3,-154.72975662,-154.61339957,-154.61054938
0008_13,3,2,-154.74141295,-154.60892371,-154.60563385
0008_14,2,3,-154.76470806,-154.63344789,-154.58706685
0008_15,2,1,-154.64846634,-154.64110953,-154.51078634
0008_16,2,1,-154.64724587,-154.64511097,-154.49399303
0008_17,2,3,-154.73903827,-154.61525394,-154.60536564
0008_18,2,1,-154.66013232,-154.65808436,-154.48708019
0008_2,2,3,-154.88303402,-154.60662238,-154.60593354
0008_3,3,2,-154.76933721,-154.64785002,-154.64400577
0008_4,3,2,-154.78617615,-154.64032189,-154.62949756
0008_5,2,3,-154.79759306,-154.62533881,-154.6230199
0008_6,3,2,-154.79098505,-154.59282302,-154.59206828
0008_7,2,1,-154.66222245,-154.65523236,-154.47787492
0008_8,2,1,-154.61030594,-154.6089,-154.44607073
0008_9,2,3,-154.7601874,-154.59117986,-154.56900612
0009_2,2,1,-154.63942322,-154.6375403,-154.45004449
0009_3,2,1,-154.56132718,-154.55954289,-154.37417549
0009_4,2,1,-154.63035075,-154.62369394,-154.3868735
0009_5,2,1,-154.62045794,-154.61655052,-154.36858616
0010_2,2,1,-154.67614513,-154.666818,-154.48222321
0010_3,2,1,-154.6312375,-154.62609166,-154.46966323
0010_4,2,1,-154.61727008,-154.61607306,-154.46075122
0011_10,2,3,-154.71598321,-154.59067055,-154.58634892
0011_11,2,1,-154.66484624,-154.66306428,-154.48380199
0011_12,3,2,-154.77644416,-154.59629229,-154.59405326
0011_13,2,3,-154.74871858,-154.63044612,-154.62057518
0011_14,3,2,-154.68669255,-154.58420348,-154.58139954
0011_15,3,2,-154.73012137,-154.59919312,-154.59787714
0011_16,2,1,-154.65030353,-154.64430123,-154.46830589
0011_17,2,1,-154.62625452,-154.61562916,-154.51384951
0011_18,2,1,-154.6346696,-154.63430645,-154.45603943
0011_19,2,1,-154.63093162,-154.62751611,-154.45416008
0011_2,2,3,-154.87536252,-154.60411189,-154.59983624
0011_20,2,1,-154.64465483,-154.64080853,-154.45514348
0011_21,2,1,-154.65737847,-154.65716389,-154.4551573
0011_22,2,1,-154.65432412,-154.65031623,-154.51318812
0011_3,3,2,-154.85046175,-154.63803499,-154.63326717
0011_4,2,3,-154.7877947,-154.62548983,-154.61321258
0011_5,3,2,-154.77642303,-154.6273533,-154.62238069
0011_6,3,2,-154.77815356,-154.63537072,-154.63209618
0011_7,3,2,-154.74950263,-154.60777552,-154.60379573
0011_8,3,2,-154.79842483,-154.61332028,-154.60785363
0011_9,2,3,-154.77024853,-154.61271467,-154.59020629
0012_2,2,1,-154.65302841,-154.64795102,-154.49207056
0012_3,2,1,-154.65545329,-154.65156965,-154.4825965
0012_4,2,1,-154.64237086,-154.63489987,-154.46998393
0013_2,2,1,-154.64442593,-154.64098923,-154.44781905
0013_3,2,1,-154.68181658,-154.6789804,-154.49813105
0014_10,3,2,-154.79317031,-154.62728941,-154.6270632
0014_11,3,2,-154.76877558,-154.62164927,-154.61723436
0014_12,2,1,-154.6356585,-154.63082074,-154.43918421
0014_13,2,1,-154.66797318,-154.66607181,-154.49807684
0014_2,2,3,-154.89264377,-154.6212211,-154.61906345
0014_3,3,2,-154.83538773,-154.62722208,-154.61835448
0014_4,2,1,-154.66639217,-154.66052022,-154.48398101
0014_5,1,2,-154.67678426,-154.64832905,-154.47719176
0014_6,3,2,-154.83941876,-154.60168193,-154.60105896
0014_7,3,2,-154.8107771,-154.62121966,-154.61250222
0014_8,2,1,-154.6511534,-154.65063984,-154.43195385
0014_9,3,2,-154.78316327,-154.61498912,-154.60999181
0015_10,2,1,-154.68679044,-154.68558557,-154.48098338
0015_11,2,1,-154.65048872,-154.64935081,-154.47029544
0015_12,2,1,-154.68179314,-154.67922816,-154.4884057
0015_2,2,3,-154.90743419,-154.63437565,-154.62832067
0015_3,3,2,-154.81874628,-154.64851944,-154.64530288
0015_4,3,2,-154.78029145,-154.66123192,-154.65342481
0015_5,3,2,-154.79815804,-154.66458536,-154.65959537
0015_6,2,3,-154.77868089,-154.6474683,-154.64069291
0015_7,3,2,-154.78326977,-154.65788296,-154.65455993
0015_8,3,2,-154.7464804,-154.6331498,-154.63019176
0015_9,2,3,-154.75282157,-154.64211151,-154.63601325
0016_10,3,2,-154.74209444,-154.62030597,-154.61701368
0016_11,2,1,-154.66925415,-154.6622715,-154.45240725
0016_12,2,1,-154.67620941,-154.64548484,-154.47339087
0016_13,2,1,-154.65020683,-154.64961759,-154.45288917
0016_14,2,1,-154.65317847,-154.65233236,-154.47314313
0016_15,2,1,-154.65103016,-154.64522296,-154.47745864
0016_16,2,1,-154.65608013,-154.65423626,-154.49779998
0016_2,2,3,-154.88808477,-154.61646815,-154.6161653
0016_3,3,2,-154.75198064,-154.62859071,-154.62419865
0016_4,2,1,-154.67324639,-154.66584051,-154.4942146
0016_5,2,1,-154.68095778,-154.67400064,-154.50054594
0016_6,3,2,-154.75729586,-154.63703547,-154.6298542
0016_7,3,2,-154.77674761,-154.64304517,-154.63822153
0016_8,3,2,-154.73764761,-154.62940232,-154.62532014
0016_9,2,3,-154.74533244,-154.64161057,-154.63877041
0017_2,2,1,-154.64238874,-154.63207,-154.46691441
0017_3,2,1,-154.64720904,-154.6461751,-154.44852212
0018_2,2,1,-154.67587047,-154.67320997,-154.50141262
0019_2,2,1,-154.64882061,-154.64031654,-154.46146377
0019_3,2,1,-154.66134461,-154.65468747,-154.46156096
0019_4,2,1,-154.58917937,-154.57998516,-154.41575799
0019_5,2,1,-154.61405096,-154.61308619,-154.43272521
0020_10,2,1,-154.630333,-154.62895325,-154.50200097
0020_2,2,3,-154.85686515,-154.58647209,-154.58179652
0020_3,3,2,-154.76309365,-154.66177399,-154.6590117
0020_4,3,2,-154.74103937,-154.59010832,-154.58554177
0020_5,3,2,-154.78749805,-154.63609974,-154.62299456
0020_6,2,1,-154.61657278,-154.6145848,-154.42618747
0020_7,2,1,-154.62393637,-154.61987982,-154.44284205
0020_8,2,1,-154.63537571,-154.63182083,-154.43317106
0020_9,2,1,-154.63435479,-154.62874175,-154.5195965
0021_2,2,1,-154.60408913,-154.59720724,-154.41155012
0021_3,2,1,-154.60356894,-154.59671534,-154.41647001
0021_4,2,1,-154.63313881,-154.62219697,-154.43784819
0021_5,2,1,-154.63533024,-154.63414811,-154.45863588
0022_2,2,1,-154.68367398,-154.6772255,-154.49022738
0022_3,2,1,-154.66331756,-154.66295262,-154.49652473
0022_4,2,1,-154.6528068,-154.65074191,-154.42683768
0023_10,3,2,-154.75516777,-154.62725444,-154.62312275
0023_11,3,2,-154.75958686,-154.649121,-154.64783076
0023_12,2,1,-154.68641682,-154.68002806,-154.43883872
0023_13,2,1,-154.66585221,-154.66365595,-154.48417916
0023_14,2,1,-154.67332836,-154.67277205,-154.50312707
0023_15,2,1,-154.7090154,-154.70588456,-154.66004446
0023_16,2,1,-154.71262642,-154.70379587,-154.57266966
0023_17,2,1,-154.70163143,-154.69652108,-154.64817773
0023_2,2,3,-154.90688071,-154.63675345,-154.63314546
0023_3,3,2,-154.74006282,-154.63704476,-154.63510094
0023_4,3,2,-154.75820852,-154.62994489,-154.6280123
0023_5,3,2,-154.77813326,-154.64558937,-154.63872502
0023_6,2,3,-154.78168862,-154.65064021,-154.64438019
0023_7,3,2,-154.77567034,-154.64380022,-154.63813262
0023_8,2,3,-154.7687603,-154.65157304,-154.64750313
0023_9,2,1,-154.6516973,-154.64821598,-154.51134757
0024_2,2,3,-154.90966118,-154.64197918,-154.63677845
0024_3,3,2,-154.79496446,-154.65011492,-154.64581689
0024_4,2,1,-154.68779381,-154.6801886,-154.51329629
0024_5,2,1,-154.67244475,-154.67098764,-154.50108975
0024_6,2,1,-154.68462842,-154.68276877,-154.47183962
0024_7,2,1,-154.67435864,-154.67307168,-154.49818625
0025_10,2,1,-154.70148414,-154.69897508,-154.50316497
0025_11,2,1,-154.69618186,-154.68485411,-154.47115152
0025_12,2,1,-154.67366236,-154.66377314,-154.52857063
0025_13,2,1,-154.67068215,-154.66411858,-154.51882232
0025_14,2,3,-154.84436974,-154.65177011,-154.64483988
0025_15,2,1,-154.68478673,-154.67072909,-154.46311471
0025_16,2,1,-154.64838958,-154.64646101,-154.48449232
0025_17,2,1,-154.66580715,-154.65535611,-154.48806091
0025_2,2,3,-154.89404716,-154.62585834,-154.6212462
0025_3,2,3,-154.89157214,-154.62704332,-154.62118933
0025_4,3,2,-154.87517469,-154.64039983,-154.63677176
0025_5,3,2,-154.87826074,-154.63454455,-154.6329904
0025_6,3,2,-154.79281676,-154.65127605,-154.64559336
0025_7,3,2,-154.79543569,-154.6619463,-154.65788685
0025_8,3,2,-154.81357619,-154.65301311,-154.65278837
0025_9,2,3,-154.79349518,-154.65416748,-154.64308288
0027_10,2,3,-154.69115946,-154.59384437,-154.58907459
0027_11,3,2,-154.74035831,-154.61718805,-154.610792
0027_12,3,2,-154.74523132,-154.61667779,-154.6092587
0027_13,2,1,-154.62294354,-154.61271257,-154.46489982
0027_14,2,1,-154.62420459,-154.61844582,-154.46931434
0027_15,2,1,-154.6543881,-154.65042808,-154.47273718
0027_16,2,1,-154.64152618,-154.63389449,-154.54487863
0027_2,2,3,-154.86444303,-154.60245991,-154.59931846
0027_3,3,2,-154.7693089,-154.61995327,-154.61197802
0027_4,3,2,-154.76869785,-154.62430178,-154.61605398
0027_5,3,2,-154.7150147,-154.60573388,-154.60222665
0027_6,2,3,-154.71881646,-154.59694507,-154.58817159
0027_7,2,1,-154.65302615,-154.64531948,-154.48631132
0027_8,2,1,-154.64611295,-154.64308014,-154.4525901
0027_9,3,2,-154.75351168,-154.65111565,-154.64443291
0028_2,2,1,-154.67410242,-154.67264375,-154.46399805
0029_2,2,1,-154.60549572,-154.60211234,-154.45700214
0029_3,2,1,-154.61485565,-154.61165378,-154.46570147
0030_10,2,1,-154.64138035,-154.6375381,-154.56198303
0030_11,2,1,-154.63827003,-154.63758478,-154.47358431
0030_12,2,1,-154.67549779,-154.67368115,-154.63198349
0030_13,2,1,-154.71278852,-154.70867196,-154.64367639
0030_2,2,3,-154.89845275,-154.6276151,-154.62691894
0030_3,3,2,-154.88385233,-154.61216354,-154.60800084
0030_4,3,2,-154.87671005,-154.60395505,-154.60264299
0030_5,2,3,-154.87595717,-154.60457314,-154.60255603
0030_6,3,2,-154.85242468,-154.60541712,-154.60414933
0030_7,3,2,-154.85358829,-154.61169628,-154.60576943
0030_8,2,1,-154.65569254,-154.65242959,-154.48208275
0030_9,2,1,-154.67373611,-154.67180057,-154.50197409
0031_2,2,3,-154.89191033,-154.62364117,-154.62225035
0031_3,3,2,-154.80812157,-154.64004044,-154.63962086
0031_4,2,1,-154.64801957,-154.6391981,-154.49617483
0031_5,2,1,-154.64289817,-154.63821674,-154.48908898
0031_6,2,1,-154.63052608,-154.62195964,-154.41842227
0031_7,2,1,-154.64661259,-154.64527541,-154.41158714
0032_10,2,1,-154.67696693,-154.66795464,-154.48655741
0032_2,2,3,-154.90663944,-154.63905442,-154.63490817
0032_3,2,1,-154.65843895,-154.6580983,-154.4797949
0032_4,2,1,-154.64081721,-154.63988318,-154.45358467
0032_5,2,1,-154.66724178,-154.66653907,-154.4859733
0032_6,3,2,-154.79122361,-154.66568956,-154.66329154
0032_7,3,2,-154.78626492,-154.66783908,-154.66334827
0032_8,2,1,-154.70118164,-154.7009508,-154.51434187
0032_9,2,1,-154.69268682,-154.68816214,-154.52492108
0034_2,2,3,-154.7247265,-154.61059326,-154.60636159
0034_3,2,1,-154.63808488,-154.63687288,-154.48200489
0035_2,2,3,-154.89452697,-154.62826223,-154.62497233
0035_3,2,1,-154.68734342,-154.67866482,-154.49642582
0035_4,2,1,-154.66230834,-154.65541564,-154.48531695
0035_5,2,1,-154.69682543,-154.68625333,-154.52867296
0035_6,2,1,-154.65690285,-154.65370243,-154.49078395
0036_2,2,1,-154.66715954,-154.65437672,-154.51073811
0036_3,2,1,-154.62232667,-154.61111574,-154.43508345
0036_4,2,1,-154.64337214,-154.64191601,-154.45275928
0036_5,2,1,-154.66740191,-154.66502042,-154.50018902
0037_10,2,1,-154.67030898,-154.66029977,-154.46160861
0037_11,2,1,-154.63327026,-154.6238618,-154.4325295
0037_2,2,3,-154.87296257,-154.60055899,-154.59636928
0037_3,3,2,-154.75533658,-154.60121716,-154.58973843
0037_4,3,2,-154.7378552,-154.62209173,-154.61983109
0037_5,2,1,-154.63620538,-154.63227333,-154.43565877
0037_6,2,3,-154.75396451,-154.62239978,-154.59419921
0037_7,2,1,-154.58909486,-154.58668025,-154.45949598
0037_8,2,1,-154.61182065,-154.60936028,-154.42458037
0037_9,2,1,-154.61485005,-154.60468219,-154.45818934
0038_2,2,1,-154.60947151,-154.6003035,-154.42908355
0038_3,2,1,-154.58645027,-154.58484352,-154.36549744
0039_2,2,1,-154.61105882,-154.60902889,-154.36941995
0040_10,2,1,-154.65728247,-154.64933871,-154.51457948
0040_11,2,1,-154.65274333,-154.64317444,-154.50624811
0040_12,2,1,-154.63536952,-154.62658824,-154.4909826
0040_13,2,1,-154.64121589,-154.64000035,-154.48876797
0040_14,2,1,-154.65116482,-154.65107012,-154.44451076
0040_15,2,1,-154.64041995,-154.63600392,-154.47819591
0040_2,2,3,-154.89162971,-154.62239697,-154.61872775
0040_3,2,3,-154.79639131,-154.63347222,-154.62772096
0040_4,3,2,-154.78875952,-154.64161743,-154.63629751
0040_5,3,2,-154.76833144,-154.61578836,-154.61255366
0040_6,3,2,-154.75136256,-154.61461488,-154.61184318
0040_7,3,2,-154.7406824,-154.59503555,-154.59378702
0040_8,2,1,-154.64814418,-154.63479192,-154.51971616
0040_9,2,1,-154.63540079,-154.63459132,-154.49702815
0041_2,2,3,-154.85667297,-154.58376636,-154.57738573
0041_3,2,1,-154.64762316,-154.64537258,-154.46951396
0041_4,3,2,-154.7440791,-154.618452,-154.60846755
0041_5,3,2,-154.74901754,-154.61568029,-154.61391189
0041_6,2,1,-154.63718611,-154.63244404,-154.49705836
0043_10,3,2,-154.66818135,-154.56478837,-154.56171984
0043_11,2,1,-154.59685201,-154.58887205,-154.43273849
0043_12,3,2,-154.70279796,-154.59756431,-154.54615202
0043_13,2,3,-154.67342473,-154.5607822,-154.55547033
0043_14,3,2,-154.70607884,-154.58646048,-154.58108118
0043_15,2,1,-154.60860044,-154.60190672,-154.40160838
0043_16,2,1,-154.56978331,-154.56437184,-154.40395676
0043_17,3,2,-154.71092698,-154.60121911,-154.59542658
0043_18,3,2,-154.688972,-154.60294519,-154.60092462
0043_19,2,3,-154.64057226,-154.54414238,-154.53690599
0043_2,2,3,-154.69618623,-154.57340815,-154.56906726
0043_3,3,2,-154.67573583,-154.5747231,-154.57373094
0043_4,2,3,-154.70834607,-154.60621724,-154.60566422
0043_5,3,2,-154.72780462,-154.58978841,-154.58361023
0043_6,2,3,-154.77754405,-154.63567481,-154.60616953
0043_7,2,1,-154.60859015,-154.60607608,-154.4445843
0043_8,3,2,-154.72774506,-154.60068766,-154.59555292
0043_9,2,3,-154.71172306,-154.60018939,-154.59357635
0044_10,2,1,-154.64551122,-154.64156527,-154.48877335
0044_11,2,1,-154.64973441,-154.64889513,-154.48178453
0044_12,2,1,-154.66274433,-154.65052648,-154.52183011
0044_13,2,1,-154.65937592,-154.65539211,-154.43287789
0044_2,2,3,-154.89940064,-154.63131068,-154.62968999
0044_3,3,2,-154.80205844,-154.62043234,-154.61512159
0044_4,3,2,-154.78468807,-154.62804464,-154.62385419
0044_5,2,1,-154.66325716,-154.65628251,-154.48530474
0044_6,3,2,-154.88107777,-154.61470574,-154.6113827
0044_7,2,1,-154.64749646,-154.64222759,-154.47473883
0044_8,3,2,-154.78985606,-154.64664725,-154.63462823
0044_9,3,2,-154.75054632,-154.64717424,-154.64339627
0045_2,2,3,-154.87324647,-154.60433605,-154.60147997
0045_3,2,1,-154.65430223,-154.65185564,-154.45611373
0045_4,3,2,-154.77361215,-154.62814386,-154.62621799
0045_5,2,1,-154.64328275,-154.63928315,-154.42390256
0045_6,2,1,-154.6146197,-154.61135542,-154.46003475
0045_7,2,1,-154.64223251,-154.63529924,-154.48884064
0045_8,2,1,-154.58854894,-154.58462724,-154.48163311
0046_10,2,1,-154.68325999,-154.67921088,-154.49423123
0046_11,2,1,-154.63899193,-154.63811727,-154.46146404
0046_2,2,3,-154.90107875,-154.62723514,-154.62550595
0046_3,3,2,-154.75875938,-154.65280131,-154.65006473
0046_4,3,2,-154.78012617,-154.65358448,-154.65097961
0046_5,2,1,-154.65067727,-154.64763187,-154.47022385
0046_6,3,2,-154.7635162,-154.64938385,-154.64326401
0046_7,3,2,-154.77791697,-154.64545863,-154.64014301
0046_8,3,2,-154.75135709,-154.61736217,-154.61446726
0046_9,3,2,-154.77294852,-154.64635435,-154.64355772
0047_10,2,1,-154.68100596,-154.67466638,-154.48311162
0047_11,2,1,-154.64696249,-154.64228322,-154.46895076
0047_12,2,1,-154.65196292,-154.64879317,-154.48401043
0047_2,2,3,-154.90278644,-154.63056188,-154.62889422
0047_3,3,2,-154.76309375,-154.63345103,-154.631205
0047_4,3,2,-154.74367366,-154.6408134,-154.63792771
0047_5,3,2,-154.72946688,-154.63086198,-154.62669971
0047_6,2,1,-154.67554362,-154.668941,-154.47508773
0047_7,2,1,-154.63128038,-154.6233168,-154.47118606
0047_8,2,1,-154.70298964,-154.70112831,-154.51523295
0047_9,3,2,-154.73746555,-154.6394793,-154.634351
0048_2,2,1,-154.65016273,-154.64850703,-154.48522154
0049_10,2,1,-154.67627921,-154.66454152,-154.49922367
0049_11,2,1,-154.65354521,-154.6480083,-154.47301834
0049_12,2,1,-154.66777351,-154.65611975,-154.45369495
0049_13,2,1,-154.64664881,-154.63891432,-154.49573605
0049_2,2,3,-154.87667938,-154.60034183,-154.59742515
0049_3,3,2,-154.88826788,-154.6237626,-154.62241197
0049_4,3,2,-154.87123226,-154.60803132,-154.60600254
0049_5,2,3,-154.88504922,-154.62396787,-154.61829518
0049_6,3,2,-154.74733475,-154.63609182,-154.63389163
0049_7,2,1,-154.7052666,-154.7041491,-154.51390995
0049_8,3,2,-154.76578154,-154.64388365,-154.63875862
0049_9,2,1,-154.66234733,-154.65640488,-154.47860534
0050_2,2,3,-154.87340812,-154.60272499,-154.59621861
0050_3,3,2,-154.77828611,-154.6367845,-154.63385852
0050_4,2,1,-154.65751344,-154.64800191,-154.45476783
0050_5,2,1,-154.63323452,-154.63191066,-154.44868313
0050_6,2,1,-154.62474526,-154.61367716,-154.43540589
0050_7,2,1,-154.65042513,-154.64767363,-154.50336625
0051_10,2,1,-154.63435414,-154.62485008,-154.46030497
0051_11,2,1,-154.66341167,-154.66245585,-154.49012348
0051_12,2,1,-154.6518919,-154.64177113,-154.45267116
0051_13,2,1,-154.65520883,-154.65271767,-154.45522365
0051_14,2,1,-154.62842902,-154.62747987,-154.46129633
0051_15,2,1,-154.66039641,-154.65487225,-154.49171289
0051_16,2,1,-154.61048248,-154.6045006,-154.47999721
0051_17,2,1,-154.61706887,-154.61125756,-154.41351036
0051_2,2,3,-154.90354205,-154.63080188,-154.62697369
0051_3,3,2,-154.87828289,-154.61441731,-154.61427927
0051_4,2,3,-154.87641906,-154.61878314,-154.61393922
0051_5,3,2,-154.78586571,-154.62895418,-154.62529798
0051_6,3,2,-154.78125818,-154.62148063,-154.61966817
0051_7,2,3,-154.70907034,-154.6128271,-154.59767863
0051_8,2,3,-154.74901219,-154.61643971,-154.60429588
0051_9,2,1,-154.64377856,-154.63649969,-154.44623097
0052_10,2,1,-154.69890395,-154.68991868,-154.51921582
0052_11,2,1,-154.67245864,-154.66123571,-154.48414839
0052_12,2,1,-154.67642009,-154.6742929,-154.5034421
0052_2,2,3,-154.90593892,-154.62817278,-154.62717856
0052_3,3,2,-154.89117799,-154.63429562,-154.63173569
0052_4,3,2,-154.8699651,-154.63167068,-154.62537361
0052_5,3,2,-154.7158012,-154.62384832,-154.62274064
0052_6,2,1,-154.65406233,-154.64737025,-154.48375047
0052_7,2,1,-154.67235191,-154.66855053,-154.47816931
0052_8,2,1,-154.66341274,-154.65386163,-154.45537665
0052_9,2,1,-154.67261495,-154.66843421,-154.49049311
0053_2,2,3,-154.9178097,-154.6466382,-154.64215677
0053_3,3,2,-154.77034969,-154.63713367,-154.63557259
0053_4,2,1,-154.68274099,-154.67724372,-154.49214626
0053_5,2,1,-154.67284062,-154.66861557,-154.48471458
0053_6,2,1,-154.66512036,-154.66495594,-154.44602178
0053_7,2,1,-154.67661497,-154.66960332,-154.50180328
0053_8,2,1,-154.67423099,-154.67262318,-154.49608564
0054_2,2,3,-154.88918828,-154.61669531,-154.61175131
0054_3,3,2,-154.8739934,-154.61560524,-154.61061009
0054_4,3,2,-154.88498014,-154.63031904,-154.62449793
0054_5,3,2,-154.77009313,-154.64071768,-154.63796965
0054_6,2,1,-154.64035142,-154.63618149,-154.47958701
0054_7,2,1,-154.65421107,-154.64813127,-154.48220375
0054_8,2,1,-154.66267995,-154.6610524,-154.48179884
0054_9,2,1,-154.67285065,-154.67166631,-154.4840359
0056_2,2,1,-154.6749183,-154.67238844,-154.48984537
0057_10,2,1,-154.67838353,-154.67055823,-154.4889099
0057_11,2,1,-154.64203392,-154.63377538,-154.47253305
0057_12,2,1,-154.65282254,-154.64381491,-154.49433111
0057_13,2,1,-154.641979,-154.63699243,-154.48784741
0057_14,2,1,-154.64136326,-154.64066921,-154.46719419
0057_15,2,1,-154.6146512,-154.61299612,-154.47269854
0057_2,2,3,-154.8863823,-154.61275058,-154.61181444
0057_3,3,2,-154.82262948,-154.58662693,-154.58053749
0057_4,3,2,-154.82677634,-154.60700227,-154.60502457
0057_5,2,3,-154.81953815,-154.65926044,-154.63106209
0057_6,3,2,-154.75223873,-154.63353015,-154.6289131
0057_7,3,2,-154.7395504,-154.63103659,-154.62842923
0057_8,2,1,-154.66574166,-154.66491512,-154.50744086
0057_9,2,3,-154.80801059,-154.62846911,-154.62225572
0058_2,2,1,-154.64586337,-154.63608773,-154.4656669
0058_3,2,1,-154.64727571,-154.64695879,-154.48700802
0058_4,2,1,-154.67139128,-154.66418629,-154.48498656
0058_5,2,1,-154.63555634,-154.63463839,-154.44780471
0059_10,2,1,-154.6111834,-154.6085848,-154.46566466
0059_11,3,2,-154.71614711,-154.60657881,-154.60604864
0059_12,2,1,-154.63363179,-154.62915444,-154.4892918
0059_13,2,1,-154.67461965,-154.67033841,-154.53034274
0059_14,2,1,-154.60928602,-154.59817098,-154.50952918
0059_15,2,1,-154.64316948,-154.64090741,-154.45383346
0059_2,2,3,-154.84224685,-154.57549161,-154.57251406
0059_3,2,1,-154.65026975,-154.64864162,-154.46503234
0059_4,3,2,-154.78355548,-154.64519127,-154.62821634
0059_5,2,3,-154.7247926,-154.63201499,-154.63082823
0059_6,3,2,-154.74737026,-154.62239119,-154.61779868
0059_7,2,3,-154.75751894,-154.63654813,-154.60728716
0059_8,3,2,-154.77660317,-154.59002046,-154.58255967
0059_9,3,2,-154.80478432,-154.60522831,-154.59841843
0060_10,2,1,-154.65951389,-154.65663095,-154.5634039
0060_11,2,1,-154.65098984,-154.63715747,-154.46729715
0060_12,2,1,-154.61810769,-154.61635523,-154.47684806
0060_2,2,3,-154.85907624,-154.58138153,-154.57774851
0060_3,2,1,-154.67170067,-154.66766322,-154.48881183
0060_4,2,1,-154.68755528,-154.68182128,-154.51689568
0060_5,3,2,-154.84139252,-154.60931053,-154.60491368
0060_6,3,2,-154.7806341,-154.63121784,-154.62698045
0060_7,3,2,-154.72980848,-154.61810759,-154.61137891
0060_8,2,1,-154.65075246,-154.64243423,-154.48393784
0060_9,3,2,-154.73379914,-154.63709605,-154.63061311
0061_10,2,1,-154.64164582,-154.63258531,-154.48236497
0061_2,2,3,-154.8831874,-154.60632147,-154.60383532
0061_3,3,2,-154.88625884,-154.61511617,-154.61455888
0061_4,2,1,-154.63227849,-154.62700249,-154.44294762
0061_5,2,3,-154.74468511,-154.61702292,-154.61471626
0061_6,3,2,-154.7752058,-154.63427015,-154.63348831
0061_7,2,1,-154.63918213,-154.6327695,-154.45899788
0061_8,2,1,-154.654142,-154.6519021,-154.49365716
0061_9,2,1,-154.68476569,-154.67296838,-154.47120812
0062_2,2,1,-154.6731518,-154.66559847,-154.49190176
0062_3,2,1,-154.68304221,-154.67314114,-154.51706017
0062_4,2,1,-154.67966414,-154.67429685,-154.48395926
0062_5,2,1,-154.68309372,-154.68016053,-154.50796713
0063_2,2,3,-154.90415553,-154.6300242,-154.62981134
0063_3,3,2,-154.86439354,-154.61141746,-154.60862118
0063_4,2,1,-154.63156917,-154.62069608,-154.46967443
0063_5,2,1,-154.67795544,-154.67508713,-154.46748383
0063_6,3,2,-154.79042206,-154.61741368,-154.61637062
0063_7,2,1,-154.64369304,-154.63637055,-154.47326117
0063_8,2,1,-154.62049414,-154.61751346,-154.44362696
0064_2,2,1,-154.6727124,-154.6702032,-154.4747081
0065_10,2,1,-154.69135318,-154.68657491,-154.53812496
0065_2,2,3,-154.88187231,-154.60778511,-154.60288229
0065_3,3,2,-154.7838434,-154.63364006,-154.62866818
0065_4,2,1,-154.63732171,-154.63073265,-154.45764474
0065_5,3,2,-154.79857504,-154.6348009,-154.63448852
0065_6,2,1,-154.67458928,-154.67233842,-154.47833059
0065_7,2,1,-154.6577426,-154.6552077,-154.54565258
0065_8,2,1,-154.66934562,-154.65986333,-154.45814259
0065_9,2,1,-154.69229409,-154.68742699,-154.5309388
0066_2,2,1,-154.6140562,-154.61268464,-154.49478517
0066_3,2,1,-154.66477884,-154.66365625,-154.49946975
0067_10,2,1,-154.63760832,-154.63385027,-154.44849088
0067_2,2,3,-154.89694269,-154.62217758,-154.6185345
0067_3,3,2,-154.85705119,-154.64286776,-154.64073055
0067_4,3,2,-154.82123169,-154.62900366,-154.62468782
0067_5,2,3,-154.79358014,-154.63859033,-154.61477314
0067_6,2,3,-154.77003269,-154.64701047,-154.64254191
0067_7,2,1,-154.67871507,-154.67387078,-154.50329181
0067_8,2,1,-154.66288405,-154.64997839,-154.52209475
0067_9,2,1,-154.68366327,-154.67650174,-154.56822974
0068_10,2,1,-154.6315346,-154.62592269,-154.49402377
0068_11,2,1,-154.65067633,-154.64681064,-154.47971044
0068_2,2,3,-154.82838046,-154.56110463,-154.556491
0068_3,2,1,-154.60101982,-154.59601615,-154.43035253
0068_4,2,1,-154.62095504,-154.61068571,-154.45671702
0068_5,3,2,-154.70979229,-154.58531168,-154.58498713
0068_6,2,3,-154.72682784,-154.61738012,-154.61448611
0068_7,3,2,-154.67014694,-154.57283946,-154.56970134
0068_8,2,1,-154.62017967,-154.61693959,-154.43750159
0068_9,2,1,-154.63508699,-154.62850751,-154.49378245
0069_10,2,1,-154.66789377,-154.6627573,-154.47582569
0069_11,2,1,-154.68088156,-154.67677316,-154.48394771
0069_12,2,1,-154.66005808,-154.65195727,-154.49316005
0069_13,2,1,-154.66942309,-154.66127177,-154.48953271
0069_14,2,1,-154.66521359,-154.66213395,-154.45579495
0069_15,3,2,-154.82555605,-154.62471566,-154.62436704
0069_16,2,1,-154.68051484,-154.67216175,-154.50270036
0069_17,2,1,-154.65184635,-154.64449182,-154.49962515
0069_18,2,1,-154.64166168,-154.63823197,-154.47289118
0069_19,2,1,-154.63725632,-154.63136769,-154.47227711
0069_2,2,3,-154.9000698,-154.61738428,-154.61279995
0069_20,2,1,-154.63452041,-154.63382885,-154.49197865
0069_21,2,1,-154.67223589,-154.66623313,-154.48894861
0069_3,3,2,-154.88559589,-154.61474378,-154.61205044
0069_4,2,3,-154.87895326,-154.60968347,-154.60503069
0069_5,3,2,-154.86313819,-154.63378902,-154.63181552
0069_6,3,2,-154.7915814,-154.65902319,-154.65626379
0069_7,3,2,-154.79106841,-154.65406611,-154.65186988
0069_8,3,2,-154.75898452,-154.62227454,-154.61700593
0069_9,3,2,-154.76624345,-154.64343086,-154.63925299
0070_2,2,1,-154.67077296,-154.66773918,-154.476945
0070_3,2,1,-154.66291606,-154.65919221,-154.50079746
0071_2,2,1,-154.66060429,-154.65081652,-154.468075
0071_3,2,1,-154.6289061,-154.62495686,-154.43135128
0071_4,2,1,-154.64233319,-154.63448012,-154.44550597
0071_5,2,1,-154.63258163,-154.62113094,-154.45179737
0071_6,2,1,-154.64416228,-154.64160724,-154.4639713
0072_10,2,3,-154.72687537,-154.61521574,-154.61212098
0072_11,2,3,-154.78210503,-154.65225276,-154.6264534
0072_12,2,3,-154.76795237,-154.6450917,-154.6203915
0072_13,3,2,-154.74183273,-154.62276893,-154.62220406
0072_14,2,1,-154.66168156,-154.65517578,-154.49453198
0072_15,2,1,-154.67182774,-154.67088768,-154.51209549
0072_16,2,1,-154.66008205,-154.65762872,-154.49162431
0072_2,2,3,-154.88229233,-154.60990458,-154.60930468
0072_3,3,2,-154.86739497,-154.61132098,-154.60555843
0072_4,2,1,-154.66306073,-154.65392259,-154.49317129
0072_5,3,2,-154.76257844,-154.64940776,-154.64536492
0072_6,3,2,-154.75532284,-154.63976654,-154.63785114
0072_7,2,1,-154.65794638,-154.65639471,-154.49727577
0072_8,3,2,-154.77150734,-154.64517949,-154.64131324
0072_9,3,2,-154.78543561,-154.65904151,-154.65531905
0073_2,2,1,-154.61924127,-154.61885948,-154.4724009
0073_3,2,1,-154.67947096,-154.67732423,-154.49152463
0073_4,2,1,-154.64845718,-154.64567761,-154.48452115
0074_2,2,1,-154.63911464,-154.63804091,-154.4826108
0074_3,2,1,-154.65577241,-154.65284569,-154.49319619
0074_4,2,1,-154.64620245,-154.63932958,-154.48497408
0075_2,2,1,-154.66806171,-154.66207906,-154.51204203
0075_3,2,1,-154.60571065,-154.60436321,-154.44966482
0076_2,2,1,-154.658537,-154.65518492,-154.46106045
0076_3,2,3,-154.76489737,-154.63744343,-154.6132996
0076_4,2,1,-154.67844438,-154.67086238,-154.49025168
0077_2,2,3,-154.89955114,-154.63310349,-154.62948071
0077_3,3,2,-154.86611928,-154.62231915,-154.62037783
0077_4,3,2,-154.79638714,-154.62086467,-154.61755991
0077_5,2,1,-154.69183977,-154.68872199,-154.50571919
0077_6,2,1,-154.61144071,-154.61113185,-154.44626668
0077_7,2,1,-154.70128777,-154.69969723,-154.64988966
0077_8,2,1,-154.66419914,-154.6602958,-154.50786798
0077_9,2,1,-154.66795299,-154.66320211,-154.4953995
0078_3,2,1,-154.65733982,-154.64425931,-154.47962119
0078_4,2,1,-154.64337327,-154.6378587,-154.47384934
0078_5,2,1,-154.67519653,-154.67153436,-154.49832931
0080_10,2,1,-154.67978691,-154.67801196,-154.4964998
0080_11,2,3,-154.76200962,-154.63815617,-154.6355159
0080_12,3,2,-154.76164274,-154.63794235,-154.6345292
0080_13,3,2,-154.75019698,-154.62998155,-154.62750784
0080_14,3,2,-154.7599673,-154.63529602,-154.63172681
0080_15,2,1,-154.68482918,-154.67578205,-154.50261372
0080_16,2,1,-154.6839809,-154.67057611,-154.49864251
0080_17,2,1,-154.66105446,-154.65441709,-154.46652561
0080_18,3,2,-154.78015969,-154.65526224,-154.64869397
0080_19,2,1,-154.65084538,-154.64803536,-154.46175155
0080_2,2,3,-154.87544797,-154.6032408,-154.60130021
0080_20,2,1,-154.67460422,-154.66566745,-154.51690072
0080_21,2,1,-154.67427132,-154.66787381,-154.48908271
0080_22,2,1,-154.65360683,-154.64668832,-154.44208947
0080_3,2,1,-154.68766939,-154.67579032,-154.49954119
0080_4,2,1,-154.643199,-154.63585715,-154.48084065
0080_5,3,2,-154.75171884,-154.6387382,-154.63286788
0080_6,2,3,-154.80565146,-154.66246663,-154.64917401
0080_7,2,1,-154.66693594,-154.65878638,-154.50275221
0080_8,3,2,-154.78640749,-154.65754973,-154.65285069
0080_9,3,2,-154.74276026,-154.62886945,-154.62391782
0082_2,2,3,-154.85700022,-154.58751123,-154.58682718
0082_3,3,2,-154.86826483,-154.623096,-154.61854499
0082_4,3,2,-154.77296056,-154.60330505,-154.60121178
0082_5,3,2,-154.78414486,-154.64132322,-154.63565101
0082_6,2,1,-154.64798534,-154.64197635,-154.38284672
0082_7,2,1,-154.64286011,-154.64052772,-154.45723689
0082_8,2,1,-154.66371069,-154.65548131,-154.46954237
0083_2,2,3,-154.89089966,-154.62364266,-154.61694994
0083_3,3,2,-154.81279767,-154.62393644,-154.62229984
0083_4,2,1,-154.66759208,-154.65950185,-154.47696381
0083_5,2,1,-154.66816569,-154.66542267,-154.4970546
0083_6,2,1,-154.66412699,-154.65486739,-154.43229091
0083_7,2,1,-154.68055163,-154.67619981,-154.50234095
0083_8,2,1,-154.64733854,-154.64212447,-154.4397641
0084_10,2,1,-154.67575607,-154.66563733,-154.48640618
0084_11,2,1,-154.64953813,-154.64556794,-154.48058475
0084_2,2,3,-154.88406258,-154.61659088,-154.61352895
0084_3,3,2,-154.78063023,-154.61824063,-154.61656029
0084_4,2,1,-154.67718663,-154.66692215,-154.4954907
0084_5,2,1,-154.64121069,-154.63328878,-154.46573349
0084_6,2,1,-154.65128455,-154.64166355,-154.44752392
0084_7,2,1,-154.64441633,-154.63500202,-154.45321999
0084_8,2,1,-154.66125196,-154.6537181,-154.48863682
0084_9,2,1,-154.65086772,-154.64550587,-154.46260831
0085_2,2,1,-154.61742171,-154.61508469,-154.45413481
0086_2,2,3,-154.88932337,-154.61593393,-154.61048422
0086_3,3,2,-154.74180851,-154.61495476,-154.61346523
0086_4,2,1,-154.67567294,-154.67288106,-154.47267277
0086_5,2,1,-154.65971957,-154.65002238,-154.46576578
0086_6,2,1,-154.66557757,-154.658609,-154.46445678
0086_7,2,1,-154.68518968,-154.67173697,-154.50802866
0086_8,2,1,-154.67792687,-154.67273575,-154.5011101
0087_2,2,1,-154.62365314,-154.6222894,-154.44624382
0088_10,3,2,-154.7704996,-154.64508413,-154.63113988
0088_11,3,2,-154.73279042,-154.60721769,-154.60552912
0088_12,2,1,-154.66684222,-154.66547467,-154.49024119
0088_2,2,3,-154.90907759,-154.63097786,-154.62967242
0088_3,3,2,-154.87875798,-154.6133015,-154.61297632
0088_4,2,3,-154.87842247,-154.62337344,-154.62283934
0088_5,3,2,-154.77830187,-154.63263351,-154.62916149
0088_6,3,2,-154.76593891,-154.65264356,-154.61227942
0088_7,3,2,-154.8398475,-154.62739857,-154.6226711
0088_9,2,1,-154.65152545,-154.64755606,-154.48745462
0090_2,2,1,-154.65749388,-154.65681881,-154.45534436
0091_2,2,1,-154.66806815,-154.65646436,-154.47331237
0091_3,2,1,-154.6329517,-154.6240852,-154.45827964
0091_4,2,3,-154.73207544,-154.61511886,-154.59271908
0091_5,2,1,-154.63283505,-154.62535888,-154.42404196
0091_6,2,1,-154.62741466,-154.62625088,-154.45460344
0092_10,2,1,-154.63918157,-154.63833138,-154.4738933
0092_2,2,3,-154.87443626,-154.61431999,-154.6134359
0092_3,3,2,-154.78595913,-154.63681684,-154.62919157
0092_4,3,2,-154.75605206,-154.61776106,-154.61721491
0092_5,2,1,-154.67877321,-154.66775399,-154.45720401
0092_6,2,1,-154.66379177,-154.65746825,-154.5010823
0092_7,2,1,-154.69203931,-154.68315667,-154.51090329
0092_8,2,1,-154.63364487,-154.62870746,-154.52785289
0092_9,2,1,-154.63283455,-154.63201573,-154.442168
0093_2,2,3,-154.90648049,-154.63669363,-154.63305556
0093_3,3,2,-154.85252629,-154.64028753,-154.63935612
0093_4,2,3,-154.760832,-154.6439141,-154.63896283
0093_5,2,1,-154.62171704,-154.61991746,-154.47735633
0093_6,2,1,-154.66256094,-154.65864388,-154.46697233
0093_7,2,1,-154.62083836,-154.61887344,-154.47185235
0094_10,2,1,-154.64303669,-154.63334371,-154.48987819
0094_11,2,1,-154.63090374,-154.62170308,-154.42384821
0094_12,2,3,-154.74648104,-154.62159206,-154.61894029
0094_13,3,2,-154.75221669,-154.64438913,-154.64111493
0094_14,2,1,-154.63573045,-154.61835461,-154.4292835
0094_15,2,1,-154.61924687,-154.61508943,-154.47416496
0094_2,2,3,-154.89901312,-154.62826736,-154.62487408
0094_3,3,2,-154.81566149,-154.61191204,-154.6067092
0094_4,2,3,-154.82740272,-154.6415105,-154.6097083
0094_5,3,2,-154.78536006,-154.60957201,-154.60907225
0094_6,2,1,-154.66361214,-154.65386967,-154.50295129
0094_7,2,1,-154.66546918,-154.65530521,-154.4851088
0094_8,2,1,-154.66822448,-154.66281116,-154.48365605
0094_9,2,1,-154.65256653,-154.64869984,-154.50648375
0095_2,2,3,-154.88249174,-154.60990211,-154.60754256
0095_3,3,2,-154.88990904,-154.62439645,-154.62334034
0095_4,2,1,-154.67566607,-154.67287352,-154.4860891
0095_5,2,1,-154.6286408,-154.62322356,-154.44504148
0096_2,2,1,-154.66557013,-154.65301834,-154.49305298
0096_3,2,1,-154.640173,-154.63709897,-154.47874042
0096_4,2,1,-154.61224369,-154.61088864,-154.46724117
0097_2,2,1,-154.65892089,-154.65392804,-154.50101272
0097_3,2,1,-154.66901133,-154.66722433,-154.50679164
0098_10,2,1,-154.67134625,-154.6707441,-154.48115153
0098_11,3,2,-154.75515348,-154.63261752,-154.63042334
0098_12,2,1,-154.65130645,-154.64541435,-154.49961831
0098_13,2,1,-154.61782309,-154.61629109,-154.44664898
0098_14,2,1,-154.65687601,-154.65659798,-154.47776713
0098_15,1,2,-154.64520639,-154.62602629,-154.44190268
0098_2,2,3,-154.89671832,-154.62922649,-154.62428519
0098_3,3,2,-154.80959425,-154.61191295,-154.60988385
0098_4,3,2,-154.76267161,-154.62792578,-154.62482716
0098_5,2,1,-154.65603166,-154.65193802,-154.48312269
0098_6,2,3,-154.79385117,-154.6110359,-154.58537657
0098_7,2,1,-154.6358421,-154.63207838,-154.4680962
0098_8,2,3,-154.71477098,-154.58759155,-154.58567638
0098_9,3,2,-154.7891108,-154.58927107,-154.58577324
0100_2,2,3,-154.8830425,-154.61680643,-154.61572908
0100_3,3,2,-154.80691189,-154.5921437,-154.59065306
0100_4,2,1,-154.64614031,-154.63913042,-154.44426972
0100_5,2,1,-154.60695941,-154.59967601,-154.43239486
0100_6,2,1,-154.58067674,-154.5767557,-154.41557764
0100_7,2,1,-154.64972397,-154.64666156,-154.6013039
0101_2,2,1,-154.67542793,-154.66845917,-154.48941278
0101_3,2,1,-154.66511191,-154.6636827,-154.52727476
0102_10,2,1,-154.64843211,-154.64060237,-154.49812126
0102_11,3,2,-154.78635993,-154.59917215,-154.5942428
0102_12,2,1,-154.68450537,-154.68415215,-154.58116337
0102_13,1,2,-154.67644829,-154.6614688,-154.56616061
0102_14,3,2,-154.74534204,-154.6232419,-154.61418236
0102_15,3,2,-154.73704196,-154.61403484,-154.60349202
0102_16,2,1,-154.65845792,-154.64995151,-154.51861362
0102_17,2,1,-154.62402449,-154.61769946,-154.44640797
0102_18,2,1,-154.70630175,-154.7000348,-154.63728191
0102_19,2,1,-154.6364319,-154.63458454,-154.58065233
0102_2,2,3,-154.8834055,-154.61592232,-154.61315281
0102_20,2,1,-154.64713884,-154.64479133,-154.47235542
0102_21,3,2,-154.73980331,-154.62470951,-154.62007652
0102_22,2,1,-154.68867618,-154.6868921,-154.62971694
0102_3,3,2,-154.83036881,-154.61175029,-154.60588453
0102_4,3,2,-154.82218576,-154.60999224,-154.60449914
0102_5,3,2,-154.74432604,-154.60759895,-154.60560296
0102_6,3,2,-154.77287082,-154.66083179,-154.65782517
0102_7,2,1,-154.65363357,-154.64403514,-154.47187006
0102_8,2,1,-154.64563105,-154.63832509,-154.49504459
0102_9,2,1,-154.66474252,-154.66396052,-154.48496821
0103_2,2,1,-154.68421408,-154.68271391,-154.51970019
0104_2,2,1,-154.64776942,-154.64653081,-154.46964685
0105_10,2,1,-154.59632303,-154.5918682,-154.42539292
0105_11,2,1,-154.59064376,-154.58616024,-154.37789619
0105_2,2,3,-154.85186102,-154.5802208,-154.57510122
0105_3,3,2,-154.85844522,-154.6132709,-154.6071811
0105_4,3,2,-154.74038098,-154.59457906,-154.59260137
0105_5,3,2,-154.73810251,-154.6184629,-154.61231021
0105_6,3,2,-154.70261842,-154.61276017,-154.60894991
0105_7,3,2,-154.72312188,-154.61262514,-154.60786945
0105_8,2,1,-154.61742404,-154.60991473,-154.44910001
0105_9,2,1,-154.6621425,-154.65981697,-154.48141872
0107_2,2,1,-154.67075209,-154.65999957,-154.47697582
0107_3,2,1,-154.68641757,-154.67793926,-154.51175656
0107_4,2,1,-154.62231994,-154.61740794,-154.46368668
0107_5,2,1,-154.63526871,-154.62991753,-154.47262481
0107_6,2,1,-154.67177334,-154.66671226,-154.51293635
0107_7,2,1,-154.62838894,-154.62625817,-154.43992388
0108_2,2,3,-154.89639593,-154.62097258,-154.61603048
0108_3,3,2,-154.89514967,-154.6284124,-154.62448061
0108_4,2,1,-154.7000245,-154.6988394,-154.51109631
0108_5,3,2,-154.73496916,-154.63346983,-154.63050387
0108_6,3,2,-154.72528318,-154.60836414,-154.60235597
0108_7,2,1,-154.65824678,-154.656907,-154.43871256
0108_8,2,1,-154.6676899,-154.66652809,-154.48262942
0109_2,2,1,-154.64180466,-154.63224483,-154.44492395
0109_3,2,1,-154.62138515,-154.61618889,-154.45356252
0109_4,2,1,-154.63246517,-154.62913624,-154.45596846
0109_5,2,1,-154.62150537,-154.62011438,-154.45673828
0110_2,2,1,-154.67549693,-154.66514199,-154.472245
0110_3,2,1,-154.6241515,-154.62372171,-154.42230423
0110_4,2,1,-154.63309341,-154.61931797,-154.48348476
0110_5,2,1,-154.66665989,-154.6641363,-154.54324651
0111_10,3,2,-154.76463449,-154.64319663,-154.63966663
0111_11,2,1,-154.65777684,-154.65455074,-154.45492743
0111_12,2,1,-154.65859999,-154.65460241,-154.47065026
0111_13,2,1,-154.65677496,-154.64553377,-154.45396103
0111_14,2,1,-154.68584345,-154.67646723,-154.48948161
0111_15,2,1,-154.67344216,-154.67281608,-154.48764493
0111_16,2,1,-154.65377453,-154.65043592,-154.47364301
0111_17,2,1,-154.64705413,-154.64239619,-154.47224976
0111_18,2,1,-154.68754607,-154.68461779,-154.4882832
0111_19,2,1,-154.6580972,-154.65609286,-154.51155842
0111_2,2,3,-154.89768233,-154.6289863,-154.62622249
0111_3,3,2,-154.75482421,-154.64656576,-154.64136951
0111_4,3,2,-154.75707353,-154.65690341,-154.65477858
0111_5,2,3,-154.76786523,-154.64271091,-154.63984942
0111_6,3,2,-154.78123438,-154.6372943,-154.63318616
0111_7,3,2,-154.78829767,-154.65539639,-154.6515055
0111_8,3,2,-154.75859699,-154.6345989,-154.63157434
0111_9,3,2,-154.75183133,-154.63395461,-154.63001288
0112_10,2,1,-154.6576638,-154.64988163,-154.51068725
0112_11,2,1,-154.64498973,-154.64166657,-154.41296439
0112_12,2,1,-154.65491054,-154.6485593,-154.4896909
0112_2,2,3,-154.87182958,-154.60065275,-154.59677598
0112_3,3,2,-154.8277903,-154.60641064,-154.60519883
0112_4,3,2,-154.79381832,-154.59321407,-154.58785729
0112_5,2,3,-154.7465632,-154.61872835,-154.60407853
0112_6,2,1,-154.6479439,-154.64665911,-154.46249375
0112_7,2,3,-154.72262277,-154.60311687,-154.59492147
0112_8,3,2,-154.80296694,-154.60874299,-154.60458251
0112_9,3,2,-154.81409051,-154.59958185,-154.59483329
0113_2,2,1,-154.65592375,-154.65374001,-154.47440813
0113_3,2,1,-154.65466614,-154.64481188,-154.49342332
0114_2,2,1,-154.67764663,-154.67372528,-154.51733018
0114_3,2,1,-154.6504882,-154.64812435,-154.49308582
0115_10,3,2,-154.7984389,-154.63681625,-154.63005167
0115_11,3,2,-154.7940542,-154.62996994,-154.62798
0115_12,2,1,-154.64895945,-154.64117052,-154.48359932
0115_13,2,1,-154.64170257,-154.63919964,-154.46766205
0115_14,2,1,-154.67539386,-154.66700221,-154.44616675
0115_15,2,1,-154.66260911,-154.65676586,-154.47092756
0115_2,2,3,-154.8628646,-154.59592813,-154.59277393
0115_3,3,2,-154.76212703,-154.6440699,-154.64168133
0115_4,3,2,-154.75463599,-154.61877111,-154.61672612
0115_5,2,3,-154.74725295,-154.60731657,-154.5846921
0115_6,2,3,-154.77201576,-154.63579355,-154.61262771
0115_7,2,1,-154.68380725,-154.68325875,-154.50155989
0115_8,2,1,-154.64116962,-154.63670074,-154.4099276
0115_9,2,1,-154.66770564,-154.66243601,-154.4763999
0116_10,2,1,-154.59293318,-154.5886482,-154.4635621
0116_11,2,1,-154.63292965,-154.62159494,-154.4101583
0116_2,2,3,-154.86033777,-154.59300591,-154.58891054
0116_3,3,2,-154.82969586,-154.60459635,-154.6008467
0116_4,2,1,-154.64245841,-154.64154636,-154.53415806
0116_5,3,2,-154.76512583,-154.60326731,-154.6023873
0116_6,2,1,-154.65943796,-154.65357036,-154.47661903
0116_7,2,1,-154.64077333,-154.63757751,-154.53762275
0116_8,2,1,-154.59400257,-154.5915335,-154.49180876
0116_9,2,1,-154.6562915,-154.64463449,-154.4700466
0118_10,2,1,-154.62471194,-154.61626251,-154.41313391
0118_11,3,2,-154.73058485,-154.61267201,-154.60824824
0118_12,2,1,-154.64388965,-154.64047331,-154.4481374
0118_13,2,3,-154.77373692,-154.64176506,-154.61805057
0118_14,3,2,-154.75934596,-154.63987211,-154.6367184
0118_15,2,1,-154.62052873,-154.61351695,-154.42894982
0118_16,2,1,-154.65394085,-154.64749298,-154.48425353
0118_17,2,1,-154.6093005,-154.60777284,-154.43837336
0118_18,2,1,-154.61135187,-154.60643737,-154.44382949
0118_19,2,1,-154.65686621,-154.65423618,-154.50054443
0118_2,2,3,-154.84608798,-154.57532476,-154.57357573
0118_20,2,1,-154.67744837,-154.66709056,-154.51033307
0118_21,2,1,-154.67234133,-154.66904281,-154.50932896
0118_3,3,2,-154.81420487,-154.60431869,-154.59818511
0118_4,2,3,-154.74395618,-154.60751251,-154.60235862
0118_5,3,2,-154.7958613,-154.65019518,-154.64489303
0118_6,3,2,-154.75408763,-154.61700105,-154.60997841
0118_7,3,2,-154.72009144,-154.60643062,-154.60462746
0118_8,2,3,-154.75138064,-154.62399586,-154.61773991
0118_9,2,1,-154.6158021,-154.60874442,-154.42169397
0120_2,2,1,-154.64302685,-154.64144306,-154.46841223
0120_3,2,1,-154.65353264,-154.65332418,-154.5128789
0121_2,2,1,-154.6699066,-154.65935889,-154.4640568
0121_3,2,1,-154.65807317,-154.65542434,-154.47023691
0122_10,2,1,-154.63971445,-154.63678614,-154.45687366
0122_11,2,1,-154.67743397,-154.6703254,-154.50290242
0122_12,2,1,-154.64267002,-154.63416468,-154.4381966
0122_13,2,1,-154.6354699,-154.63416666,-154.46671551
0122_14,2,1,-154.66978351,-154.66474839,-154.50348488
0122_15,2,1,-154.64732228,-154.64534537,-154.45708214
0122_16,2,1,-154.61431693,-154.60626202,-154.43539451
0122_17,2,1,-154.6139676,-154.60378658,-154.44333458
0122_18,2,1,-154.6352329,-154.62740403,-154.46155687
0122_2,2,3,-154.89065699,-154.61797083,-154.61310113
0122_3,3,2,-154.8697972,-154.60005075,-154.59693778
0122_4,3,2,-154.86408909,-154.60233188,-154.59934089
0122_5,3,2,-154.74363114,-154.64396947,-154.63979128
0122_6,2,1,-154.66209349,-154.65675708,-154.48268345
0122_7,2,1,-154.63770202,-154.63414848,-154.44804784
0122_8,2,1,-154.60485322,-154.59467703,-154.41069139
0122_9,3,2,-154.73938734,-154.62946534,-154.6269116
0123_2,2,1,-154.63337452,-154.63215141,-154.43234959
0123_3,2,1,-154.6211178,-154.61588259,-154.50417885
0124_10,2,1,-154.63302394,-154.62658767,-154.38509246
0124_2,2,3,-154.73458444,-154.61311228,-154.60773593
0124_3,3,2,-154.70486503,-154.59366307,-154.59144647
0124_4,3,2,-154.74760538,-154.63582295,-154.6308979
0124_5,3,2,-154.74839585,-154.62780935,-154.62575434
0124_6,2,1,-154.66047532,-154.65539061,-154.47883146
0124_7,2,1,-154.64474379,-154.6397652,-154.51739237
0124_8,2,3,-154.73821962,-154.62849949,-154.62618036
0124_9,3,2,-154.73068917,-154.61752219,-154.61419777
0125_2,2,1,-154.66856834,-154.66792452,-154.49747663
0125_3,2,1,-154.67729285,-154.67443839,-154.5184962
0127_2,2,3,-154.88103599,-154.62405553,-154.61960236
0127_3,3,2,-154.82325426,-154.63503871,-154.63394318
0127_4,2,1,-154.65505217,-154.64829396,-154.48062263
0127_5,2,1,-154.64016708,-154.63604149,-154.47816028
0127_6,2,1,-154.64539375,-154.62593667,-154.45923059
0127_7,2,1,-154.64999076,-154.64316877,-154.50111022
0127_8,2,1,-154.66373511,-154.6596505,-154.4746051
0128_10,2,1,-154.66288775,-154.6564136,-154.49074448
0128_11,2,1,-154.67564516,-154.66882209,-154.50007314
0128_2,2,3,-154.77420662,-154.64228451,-154.62428935
0128_3,3,2,-154.77264942,-154.65371399,-154.64953885
0128_4,2,1,-154.68103552,-154.67297956,-154.51347446
0128_5,3,2,-154.74552087,-154.6305776,-154.62842669
0128_6,2,1,-154.68665628,-154.65457247,-154.48506112
0128_7,2,1,-154.63658615,-154.63086391,-154.46615452
0128_8,2,1,-154.67877578,-154.66988818,-154.49222118
0128_9,2,1,-154.66291689,-154.65761248,-154.48608723
0129_10,3,2,-154.8156198,-154.60767049,-154.60519856
0129_11,3,2,-154.73110456,-154.5557507,-154.55494255
0129_12,2,3,-154.71101281,-154.56767936,-154.54970697
0129_13,2,1,-154.58737686,-154.58155855,-154.38342712
0129_14,3,2,-154.72324478,-154.58813223,-154.58384708
0129_15,2,1,-154.5967314,-154.59364823,-154.42945331
0129_16,3,2,-154.73834641,-154.59795419,-154.59209502
0129_17,2,1,-154.65314926,-154.64827303,-154.52577469
0129_2,2,3,-154.82228751,-154.56167689,-154.5574012
0129_3,3,2,-154.75471788,-154.59705346,-154.59476138
0129_4,2,3,-154.67738823,-154.59420076,-154.59098375
0129_5,2,1,-154.61338222,-154.60833487,-154.44748886
0129_6,3,2,-154.72115138,-154.6016968,-154.57056702
0129_7,2,1,-154.57602959,-154.57250127,-154.38523198
0129_9,2,3,-152.01347849,-151.91129916,-151.89859625
0130_2,2,1,-154.65833532,-154.65257619,-154.46623103
0130_3,2,1,-154.64118853,-154.63824995,-154.43097187
0130_4,2,1,-154.65560077,-154.64849648,-154.43178773
0130_5,2,1,-154.61947181,-154.614879,-154.40875039
0130_6,2,1,-154.64950994,-154.64167463,-154.44242545
0130_7,2,1,-154.63685732,-154.6289588,-154.56457964
0132_10,2,1,-154.68463976,-154.67633156,-154.50912158
0132_2,2,3,-154.89832146,-154.63029165,-154.62933873
0132_3,3,2,-154.86638513,-154.62860983,-154.62713009
0132_4,2,1,-154.68375128,-154.679935,-154.49069222
0132_5,3,2,-154.76398141,-154.6424266,-154.63956092
0132_6,3,2,-154.76716923,-154.65058555,-154.64774425
0132_7,2,1,-154.67143634,-154.66163703,-154.48619911
0132_8,2,1,-154.65088983,-154.64565993,-154.49021973
0132_9,2,1,-154.65128614,-154.64703048,-154.49309618
0133_10,3,2,-154.72976607,-154.6086388,-154.60730039
0133_11,2,3,-154.74016188,-154.63776372,-154.63344426
0133_12,2,3,-154.72724067,-154.59237966,-154.57145005
0133_13,2,1,-154.64250407,-154.63998908,-154.50875628
0133_14,2,1,-154.65283885,-154.65216709,-154.47736899
0133_15,2,1,-154.61832451,-154.6089212,-154.42713573
0133_16,2,1,-154.61182563,-154.60598752,-154.47954751
0133_17,2,1,-154.6745926,-154.66786962,-154.49315089
0133_18,2,1,-154.63957591,-154.636763,-154.4603245
0133_2,2,3,-154.88702965,-154.62364663,-154.6220593
0133_3,3,2,-154.78989095,-154.59671791,-154.59100033
0133_4,3,2,-154.78113801,-154.61186806,-154.60829677
0133_5,3,2,-154.7305172,-154.5990742,-154.59223876
0133_6,2,3,-154.70272912,-154.612741,-154.61007924
0133_7,3,2,-154.84412398,-154.63298544,-154.62753379
0133_8,3,2,-154.70820007,-154.60687819,-154.60380986
0133_9,2,1,-154.60949064,-154.59872647,-154.4732842
0135_10,2,1,-154.66713352,-154.66427993,-154.48485015
0135_11,2,3,-154.79659481,-154.66544815,-154.63963089
0135_12,2,1,-154.67089261,-154.67027961,-154.44703076
0135_13,2,1,-154.68854557,-154.6758955,-154.48904558
0135_14,2,1,-154.65645124,-154.65468405,-154.50577508
0135_15,2,1,-154.67471521,-154.66535173,-154.54035109
0135_16,2,3,-154.74131271,-154.63609308,-154.63255509
0135_17,2,1,-154.6603961,-154.66001265,-154.48491899
0135_2,2,3,-154.91172335,-154.64065993,-154.63655126
0135_3,3,2,-154.90758676,-154.64043293,-154.63688563
0135_4,3,2,-154.80579997,-154.65846714,-154.64859403
0135_5,3,2,-154.78807607,-154.6599374,-154.64925022
0135_6,3,2,-154.83351695,-154.6469383,-154.64002498
0135_7,3,2,-154.84741949,-154.63375214,-154.63307445
0135_8,2,1,-154.6789443,-154.66565465,-154.45756074
0135_9,3,2,-154.8434888,-154.63755102,-154.63241911
0137_2,2,3,-154.86708951,-154.59277456,-154.59085475
0137_3,3,2,-154.77229081,-154.60789688,-154.60443616
0137_4,3,2,-154.76434616,-154.62504265,-154.62061505
0137_5,3,2,-154.7109703,-154.59038319,-154.5875002
0137_6,2,1,-154.63967274,-154.63775436,-154.47015566
0137_7,3,2,-154.69532399,-154.60269547,-154.60093451
0137_8,2,1,-154.66832382,-154.66666282,-154.49219325
0138_10,3,2,-154.85201328,-154.61577827,-154.60911116
0138_11,3,2,-154.85852447,-154.62001835,-154.61686401
0138_12,2,1,-154.67931184,-154.67506414,-154.48755834
0138_13,1,2,-154.67916112,-154.66154484,-154.48650366
0138_14,2,1,-154.67975019,-154.67882747,-154.49373087
0138_15,3,2,-154.7604639,-154.6258154,-154.62328564
0138_16,2,1,-154.65755969,-154.6544545,-154.49374698
0138_17,2,1,-154.64043971,-154.63881094,-154.45747233
0138_18,2,1,-154.65427434,-154.65011304,-154.45936327
0138_19,2,1,-154.65656434,-154.65367486,-154.49786916
0138_2,2,3,-154.9046053,-154.63024546,-154.62732766
0138_20,2,1,-154.63465541,-154.62953851,-154.43653025
0138_21,2,1,-154.62953272,-154.62192629,-154.4251455
0138_3,3,2,-154.88463624,-154.61339772,-154.61309642
0138_4,2,1,-154.67654289,-154.67076604,-154.48705135
0138_5,3,2,-154.78128265,-154.6456292,-154.63621412
0138_6,3,2,-154.81198317,-154.67122043,-154.63714271
0138_7,2,1,-154.66263896,-154.66020281,-154.48587676
0138_8,2,1,-154.65825035,-154.65242664,-154.47591897
0138_9,2,1,-154.68016464,-154.6474711,-154.51025123
0139_2,2,1,-154.61103757,-154.6092309,-154.466544
0140_2,2,1,-154.63641918,-154.63182164,-154.44624472
0140_3,2,1,-154.64405528,-154.64074843,-154.43673508
0141_2,2,1,-154.66392416,-154.66095115,-154.51335949
0141_3,2,1,-154.6633895,-154.6578477,-154.52762722
0143_10,2,1,-154.60913288,-154.60846812,-154.43286131
0143_11,2,1,-154.68021953,-154.67323229,-154.50840412
0143_12,2,1,-154.61700569,-154.61111078,-154.44408396
0143_13,2,1,-154.63286788,-154.63037252,-154.44993894
0143_14,2,1,-154.6704086,-154.66881635,-154.45981084
0143_15,2,1,-154.63887998,-154.62956158,-154.48002733
0143_2,2,3,-154.898626,-154.63071202,-154.62890097
0143_3,3,2,-154.81361197,-154.64109301,-154.63648743
0143_4,3,2,-154.77747798,-154.63928678,-154.63817939
0143_5,2,1,-154.65694604,-154.64615676,-154.45975958
0143_6,3,2,-154.74918866,-154.64407916,-154.64120684
0143_7,3,2,-154.73160102,-154.62475289,-154.62204384
0143_8,2,3,-154.73064355,-154.62135555,-154.61562908
0143_9,3,2,-154.74325242,-154.61412716,-154.61017449
0145_2,2,3,-154.88158436,-154.61045789,-154.60514914
0145_3,3,2,-154.82047675,-154.60543301,-154.60424934
0145_4,2,1,-154.64722278,-154.64278104,-154.43343814
0145_5,2,1,-154.63337633,-154.62804366,-154.41196823
0145_6,2,1,-154.67979821,-154.67252651,-154.47683932
0145_7,2,1,-154.65367759,-154.65228916,-154.43237813
0146_2,2,1,-154.66783749,-154.66685524,-154.50038862
0147_2,2,1,-154.6201004,-154.61154859,-154.45232015
0147_3,2,1,-154.603347,-154.5966516,-154.44095375
0147_4,2,1,-154.65091514,-154.64256303,-154.47161539
0147_5,2,1,-154.65484894,-154.65091229,-154.45577778
0149_10,2,1,-154.63091052,-154.62074629,-154.47663949
0149_11,2,1,-154.63820835,-154.62366248,-154.47502331
0149_12,2,1,-154.62966235,-154.62590058,-154.46927486
0149_13,2,1,-154.60115778,-154.59711204,-154.41347493
0149_2,2,3,-154.87148925,-154.59724946,-154.59540944
0149_3,3,2,-154.83298118,-154.58498095,-154.5816835
0149_4,3,2,-154.86902249,-154.63918735,-154.63741909
0149_5,2,1,-154.64945581,-154.64275091,-154.43869524
0149_6,2,1,-154.64831832,-154.64037233,-154.4701847
0149_7,2,1,-154.62539169,-154.62355754,-154.43172432
0149_8,2,3,-154.69231188,-154.59311103,-154.58699653
0149_9,2,1,-154.64440885,-154.63943026,-154.47725453
0150_2,2,1,-154.61958813,-154.61394607,-154.46156071
0150_3,2,1,-154.59081877,-154.58965901,-154.43666799
0151_2,2,1,-154.63343433,-154.62339537,-154.42367267
0151_3,2,1,-154.61973903,-154.61494737,-154.39904718
0151_4,1,2,-154.61761639,-154.61172254,-154.40116715
0151_5,2,1,-154.59602659,-154.58978653,-154.39329611
0151_7,2,1,-154.62004058,-154.61433677,-154.48100314
0151_8,2,1,-154.59457123,-154.59195467,-154.46748358
0151_9,2,1,-154.62989489,-154.62342961,-154.48744057
0152_10,2,1,-154.65598897,-154.64729056,-154.44082431
0152_11,2,1,-154.64484438,-154.63499818,-154.42466419
0152_12,2,1,-154.63978668,-154.63597398,-154.54317733
0152_2,2,3,-154.84532606,-154.54550672,-154.53371764
0152_3,2,3,-154.84662424,-154.57387995,-154.57006227
0152_4,3,2,-154.84994696,-154.57652068,-154.57323488
0152_5,2,3,-154.80605453,-154.56202126,-154.56121729
0152_6,3,2,-154.78136278,-154.59760364,-154.59590268
0152_7,2,1,-154.62861245,-154.62467774,-154.46955583
0152_8,2,1,-154.60144356,-154.59126863,-154.41141296
0152_9,2,1,-154.54937348,-154.53961181,-154.33956491
0153_10,2,1,-154.65340638,-154.64426434,-154.45813417
0153_11,2,1,-154.64448891,-154.63993801,-154.49149133
0153_12,2,1,-154.64155766,-154.63013037,-154.42123836
0153_13,2,1,-154.63441,-154.62636537,-154.44281579
0153_2,2,3,-154.91367893,-154.64345149,-154.63915345
0153_3,3,2,-154.84525441,-154.60873899,-154.60436597
0153_4,3,2,-154.76716586,-154.62314398,-154.61955203
0153_5,2,1,-154.64993786,-154.64493979,-154.47654166
0153_6,2,1,-154.64541754,-154.64011674,-154.47000804
0153_7,3,2,-154.76271537,-154.62961018,-154.62539827
0153_8,3,2,-154.78824645,-154.65851472,-154.6538975
0153_9,2,1,-154.63379616,-154.62999165,-154.48694922
0154_2,2,3,-154.88211827,-154.61915523,-154.61309096
0154_3,3,2,-154.7681145,-154.64300085,-154.64177165
0154_4,3,2,-154.74136394,-154.59852493,-154.59732869
0154_5,2,3,-154.74457323,-154.6021683,-154.59266399
0154_6,2,1,-154.63663389,-154.63406567,-154.46304385
0154_7,2,1,-154.65933018,-154.65171427,-154.50866305
0154_8,2,1,-154.6683079,-154.66744944,-154.46692261
0155_2,2,3,-154.89206453,-154.6217988,-154.62129274
0155_3,3,2,-154.8173214,-154.6383864,-154.63697855
0155_4,2,3,-154.78988979,-154.63232581,-154.6080401
0155_5,3,2,-154.75636799,-154.63434512,-154.62627752
0155_6,2,1,-154.65373986,-154.6524685,-154.47395216
0156_2,2,1,-154.6577515,-154.65489649,-154.45877721
0157_10,2,1,-154.6458292,-154.64375433,-154.45976603
0157_11,2,3,-154.74120785,-154.61642295,-154.61209391
0157_12,2,3,-154.82884053,-154.59175417,-154.58971041
0157_13,3,2,-154.74354315,-154.61662565,-154.61614236
0157_14,2,3,-154.73663866,-154.61017007,-154.60306849
0157_15,2,1,-154.64057853,-154.63489889,-154.47267883
0157_16,2,1,-154.64660877,-154.62663359,-154.44629525
0157_17,2,1,-154.65583095,-154.6418472,-154.47486343
0157_18,2,1,-154.61133377,-154.60456989,-154.45632739
0157_19,3,2,-154.70608389,-154.59020463,-154.58807744
0157_2,2,3,-154.90362088,-154.63270967,-154.62969797
0157_20,2,1,-154.63313948,-154.62976033,-154.45568935
0157_21,2,1,-154.60367301,-154.59938392,-154.43434476
0157_22,2,1,-154.65199386,-154.64884717,-154.44673422
0157_23,2,1,-154.66925797,-154.66647303,-154.50170263
0157_3,3,2,-154.8737684,-154.60879656,-154.60584526
0157_4,3,2,-154.75777523,-154.64521972,-154.63920502
0157_5,3,2,-154.74896649,-154.63568175,-154.59949019
0157_6,2,1,-154.67993343,-154.64568563,-154.47111467
0157_7,2,1,-154.6225339,-154.61964369,-154.45836518
0157_8,3,2,-154.76786798,-154.60211067,-154.60047187
0157_9,3,2,-154.74933853,-154.58988178,-154.58903315
0158_10,2,1,-154.69887133,-154.69221363,-154.53181092
0158_2,2,3,-154.88956533,-154.61855612,-154.6134216
0158_3,3,2,-154.78099649,-154.61736777,-154.61390546
0158_4,3,2,-154.79142815,-154.64475203,-154.6398863
0158_5,3,2,-154.729298,-154.64253645,-154.64083938
0158_6,3,2,-154.79322325,-154.64556298,-154.64064364
0158_7,2,1,-154.67248692,-154.6660329,-154.50361237
0158_8,2,1,-154.6485579,-154.64730981,-154.50789864
0158_9,2,1,-154.6470082,-154.6456904,-154.48359559
0159_10,3,2,-154.76081851,-154.64232296,-154.64019253
0159_11,2,1,-154.66407167,-154.65272401,-154.43985323
0159_12,2,1,-154.66716632,-154.66149065,-154.44271929
0159_13,2,1,-154.66420544,-154.66285787,-154.49029631
0159_14,2,1,-154.65886572,-154.65522658,-154.47569569
0159_2,2,3,-154.89064844,-154.61528309,-154.61435541
0159_3,3,2,-154.82666385,-154.5732156,-154.56886709
0159_4,3,2,-154.77671281,-154.64695564,-154.64539456
0159_5,3,2,-154.75557062,-154.64624701,-154.6432575
0159_6,2,1,-154.66180549,-154.65745841,-154.45491732
0159_7,3,2,-154.77296373,-154.64620164,-154.64331896
0159_8,2,1,-154.67628974,-154.67383489,-154.5059197
0159_9,3,2,-154.7409981,-154.63886167,-154.63385699
0163_2,2,1,-154.68101034,-154.67644929,-154.50147641
0163_3,2,1,-154.63719961,-154.63140371,-154.47044471
0165_2,2,1,-154.66995724,-154.66756775,-154.50902145
0165_3,2,1,-154.6766678,-154.67288009,-154.51817652
0166_2,2,1,-154.66762358,-154.6672208,-154.48086534
0166_3,2,1,-154.65804576,-154.64664197,-154.45868701
0166_4,2,1,-154.67486807,-154.67083335,-154.47919148
0171_10,3,2,-154.74446441,-154.62283437,-154.62183482
0171_11,2,3,-154.76125887,-154.63024146,-154.60788623
0171_12,2,1,-154.66726119,-154.66658695,-154.42943192
0171_13,2,1,-154.67213332,-154.6685557,-154.47478741
0171_14,2,1,-154.69583392,-154.6917812,-154.51146606
0171_15,2,1,-154.61854372,-154.61199919,-154.44278006
0171_16,2,1,-154.6212926,-154.61749333,-154.50339877
0171_17,2,1,-154.67111586,-154.66569776,-154.50233114
0171_18,2,1,-154.64549009,-154.63387748,-154.47111032
0171_19,2,1,-154.6650294,-154.66360317,-154.4948604
0171_2,2,3,-154.89322906,-154.62777925,-154.62761481
0171_3,2,1,-154.6576992,-154.65711939,-154.48010147
0171_4,3,2,-154.78999197,-154.61900468,-154.61292527
0171_5,2,3,-154.79357962,-154.63623175,-154.60997525
0171_6,3,2,-154.77378397,-154.63618967,-154.63156421
0171_7,3,2,-154.77198444,-154.62354174,-154.62138071
0171_8,3,2,-154.75026926,-154.62921648,-154.62758524
0171_9,3,2,-154.76783688,-154.64262073,-154.638282
0172_2,2,1,-154.67709857,-154.67650427,-154.50195475
0172_3,2,1,-154.64478839,-154.63308192,-154.48056016
0172_4,2,1,-154.6653069,-154.66285909,-154.50710783
0173_10,2,1,-154.65338913,-154.6489761,-154.47979126
0173_11,2,1,-154.64734441,-154.64195859,-154.48287204
0173_12,2,1,-154.65411795,-154.65386604,-154.61067025
0173_13,2,1,-154.65225551,-154.65013604,-154.60613784
0173_14,2,1,-154.65571107,-154.65435283,-154.60962288
0173_2,2,3,-154.88461663,-154.61376363,-154.6109045
0173_3,3,2,-154.86316088,-154.62684035,-154.62321969
0173_4,2,1,-154.66610694,-154.66598794,-154.49748973
0173_5,3,2,-154.7842355,-154.64620354,-154.63965066
0173_6,3,2,-154.80667108,-154.61097772,-154.60686636
0173_7,3,2,-154.72209844,-154.61541587,-154.61034344
0173_8,2,1,-154.65336766,-154.64975655,-154.44901788
0173_9,2,1,-154.66588742,-154.66499975,-154.50515133
0174_10,3,2,-154.76755793,-154.6357592,-154.63214866
0174_11,2,1,-154.64917994,-154.64404538,-154.41863184
0174_12,2,1,-154.66739247,-154.66454691,-154.51260232
0174_13,3,2,-154.76271882,-154.65107251,-154.64701047
0174_14,2,1,-154.67099688,-154.66804947,-154.53291661
0174_15,3,2,-154.75651389,-154.62727387,-154.62370692
0174_16,2,1,-154.66011787,-154.65294911,-154.45166046
0174_17,2,1,-154.65282266,-154.64468062,-154.54682519
0174_18,2,1,-154.67841082,-154.6752856,-154.49347817
0174_19,2,1,-154.66311409,-154.66004985,-154.55013735
0174_2,2,3,-154.87992028,-154.5997063,-154.59524185
0174_3,2,3,-154.89400834,-154.62151209,-154.61979381
0174_4,3,2,-154.90136808,-154.62751183,-154.62735033
0174_5,3,2,-154.76429834,-154.64536885,-154.64334224
0174_6,3,2,-154.7763118,-154.6412978,-154.63803403
0174_7,3,2,-154.78228781,-154.65991689,-154.6568521
0174_8,3,2,-154.76348991,-154.65539592,-154.65175219
0174_9,3,2,-154.77591055,-154.64412469,-154.64048471
0175_2,2,3,-154.86489683,-154.59751581,-154.59079135
0175_3,2,1,-154.65966124,-154.65711108,-154.48021377
0175_4,3,2,-154.74242686,-154.60476783,-154.6010717
0175_5,2,1,-154.65713413,-154.65449883,-154.47644878
0176_10,2,1,-154.66228778,-154.65042099,-154.48461064
0176_11,2,1,-154.68103078,-154.67685938,-154.47412418
0176_12,2,1,-154.68400878,-154.67218589,-154.5014465
0176_13,2,1,-154.6881156,-154.68131829,-154.52481581
0176_14,2,1,-154.71299303,-154.68892635,-154.52710655
0176_15,2,1,-154.67434273,-154.67120237,-154.50576876
0176_16,2,1,-154.68239848,-154.67470484,-154.50767727
0176_17,2,1,-154.67434127,-154.66887736,-154.46549889
0176_2,2,3,-154.89167523,-154.61874652,-154.6154387
0176_3,3,2,-154.78885258,-154.65976515,-154.65461044
0176_4,3,2,-154.79141009,-154.65871582,-154.65332802
0176_5,2,1,-154.69771227,-154.69216838,-154.50972172
0176_6,2,1,-154.68696232,-154.67764599,-154.4795552
0176_7,3,2,-154.77434345,-154.65934793,-154.65650644
0176_8,2,1,-154.67343799,-154.67321463,-154.49567207
0176_9,3,2,-154.77109399,-154.6595988,-154.65665955
0177_10,2,1,-154.66017271,-154.65717858,-154.47492319
0177_11,2,1,-154.67335769,-154.67168769,-154.53336004
0177_12,2,1,-154.67868215,-154.67517567,-154.49052927
0177_2,2,3,-154.89967451,-154.62796499,-154.62585173
0177_3,3,2,-154.87334446,-154.63198768,-154.62765927
0177_4,3,2,-154.77410723,-154.66422896,-154.66015886
0177_5,3,2,-154.77350359,-154.65653587,-154.65255296
0177_6,2,1,-154.69087696,-154.68710062,-154.50155151
0177_7,3,2,-154.79579413,-154.67103436,-154.66698041
0177_8,2,1,-154.66789153,-154.66665649,-154.4778864
0177_9,3,2,-154.77339493,-154.64722064,-154.64489098
0178_2,2,1,-154.68803558,-154.68574221,-154.51043139
0178_3,2,1,-154.67623395,-154.67132114,-154.48608848
0179_10,2,1,-154.65559169,-154.6489196,-154.4893488
0179_11,2,1,-154.66541565,-154.65552916,-154.48499487
0179_12,2,1,-154.68250652,-154.68104297,-154.47254067
0179_2,2,3,-154.9060037,-154.63521308,-154.63483973
0179_3,3,2,-154.89393578,-154.62672669,-154.62392825
0179_4,3,2,-154.77534256,-154.63436994,-154.62484653
0179_5,3,2,-154.84291985,-154.6342068,-154.63301239
0179_6,3,2,-154.82531194,-154.61269656,-154.61164789
0179_7,2,1,-154.6904143,-154.67903864,-154.48763088
0179_8,2,1,-154.68119788,-154.67871736,-154.4704148
0179_9,2,1,-154.68044827,-154.67750539,-154.50590474
0180_10,3,2,-154.75083977,-154.61442989,-154.60773275
0180_11,2,1,-154.61903921,-154.60936594,-154.53207257
0180_12,3,2,-154.72517942,-154.61506937,-154.6088464
0180_13,3,2,-154.76366774,-154.62981127,-154.62820838
0180_14,2,1,-154.65148417,-154.64998169,-154.4663258
0180_15,2,1,-154.59832338,-154.59336809,-154.44340356
0180_16,2,1,-154.61174553,-154.60276641,-154.43705571
0180_17,2,1,-154.64877804,-154.63762332,-154.46569542
0180_18,2,1,-154.64054847,-154.64023496,-154.41495942
0180_2,2,3,-154.84264857,-154.56613303,-154.56303783
0180_3,2,3,-154.86789144,-154.59591779,-154.59216545
0180_4,3,2,-154.69484089,-154.57237705,-154.57003333
0180_5,3,2,-154.76424272,-154.62846865,-154.61941943
0180_6,3,2,-154.73397773,-154.59074056,-154.58611137
0180_7,3,2,-154.74612206,-154.60441855,-154.59468243
0180_8,2,1,-154.66198758,-154.65379091,-154.49138868
0180_9,2,1,-154.66506909,-154.66046097,-154.50956089
0181_2,2,1,-154.67564434,-154.66258903,-154.49127912
0181_3,2,1,-154.69371524,-154.68982271,-154.50669075
0181_4,2,1,-154.66119474,-154.65939877,-154.48360588
0182_10,2,3,-154.78781014,-154.67519877,-154.67159587
0182_11,3,2,-154.86019611,-154.62623411,-154.62372008
0182_12,3,2,-154.76684057,-154.66006915,-154.65530935
0182_13,2,3,-154.86687974,-154.61815495,-154.61165135
0182_14,2,1,-154.70305474,-154.70057062,-154.50475032
0182_15,2,1,-154.68993873,-154.68526246,-154.49693759
0182_16,3,2,-154.78427226,-154.63941579,-154.63835251
0182_17,3,2,-154.77502025,-154.63825069,-154.63804701
0182_18,2,1,-154.69635685,-154.69093367,-154.51632322
0182_19,2,1,-154.65914206,-154.65360674,-154.47060855
0182_2,2,3,-154.90115765,-154.62856216,-154.62681987
0182_20,2,1,-154.65410222,-154.64617013,-154.43016575
0182_3,2,1,-154.66799901,-154.66174223,-154.47297223
0182_4,3,2,-154.77995777,-154.64507625,-154.63994935
0182_5,3,2,-154.79596602,-154.65764903,-154.65151538
0182_6,2,3,-154.79660194,-154.66416777,-154.65037044
0182_7,3,2,-154.78224239,-154.67598479,-154.67227896
0182_8,3,2,-154.82128822,-154.68321414,-154.65267977
0182_9,2,3,-154.80203707,-154.66745769,-154.65420554
0185_10,2,1,-154.64745472,-154.64269951,-154.48302283
0185_11,2,1,-154.61668813,-154.61140588,-154.41489845
0185_12,2,1,-154.63988793,-154.63833421,-154.44972594
0185_2,2,3,-154.85821887,-154.58960287,-154.58389065
0185_3,3,2,-154.80871197,-154.58599879,-154.58177457
0185_4,2,3,-154.75540087,-154.56860876,-154.56318405
0185_5,2,3,-154.75551082,-154.53475727,-154.51414811
0185_6,3,2,-154.75790173,-154.60709913,-154.60191633
0185_7,3,2,-154.70104995,-154.58552741,-154.58029733
0185_8,3,2,-154.71093388,-154.59781524,-154.59277757
0185_9,3,2,-154.64415306,-154.55983935,-154.55661347
0186_2,2,1,-154.64656315,-154.64450998,-154.51066512
0187_2,2,3,-154.90464073,-154.63098251,-154.63015557
0187_3,3,2,-154.88050078,-154.60996592,-154.60671851
0187_4,3,2,-154.79812331,-154.6477612,-154.64742635
0187_5,3,2,-154.7495168,-154.63818593,-154.63517022
0187_6,2,1,-154.68290527,-154.68179156,-154.51114515
0187_7,2,1,-154.64201094,-154.63995333,-154.434935
0187_8,2,1,-154.67010834,-154.66699024,-154.47858882
0188_10,2,1,-154.66375011,-154.66202538,-154.49315561
0188_2,2,3,-154.89332737,-154.61772056,-154.61482307
0188_3,3,2,-154.71399417,-154.60015797,-154.5979075
0188_4,3,2,-154.72719012,-154.61108407,-154.610565
0188_5,2,3,-154.7581366,-154.62325352,-154.60448855
0188_6,2,1,-154.65714696,-154.64995648,-154.48747568
0188_7,2,1,-154.65238763,-154.65061228,-154.48180005
0188_8,2,1,-154.66525928,-154.65500957,-154.47357417
0188_9,2,1,-154.64591445,-154.64416488,-154.45583727
0189_2,2,3,-154.89149482,-154.63495314,-154.62847028
0189_3,3,2,-154.74619862,-154.64454569,-154.64221239
0189_4,3,2,-154.72190085,-154.62572835,-154.62388579
0189_5,2,1,-154.66570013,-154.65928958,-154.48988056
0189_6,2,1,-154.67148448,-154.66131486,-154.50130272
0189_7,2,1,-154.66107285,-154.65228096,-154.47288893
0189_8,2,1,-154.69319796,-154.69238362,-154.50788634
0189_9,2,1,-154.69720871,-154.68975369,-154.50635668
0190_10,2,3,-154.75439328,-154.61421062,-154.60665469
0190_11,2,1,-154.62048972,-154.61650325,-154.42566076
0190_12,2,1,-154.64363747,-154.63312793,-154.46047473
0190_2,2,3,-154.85966927,-154.59467975,-154.59119206
0190_3,3,2,-154.75154717,-154.59993661,-154.59963536
0190_4,2,1,-154.63865855,-154.63302779,-154.50559251
0190_5,2,1,-154.61842366,-154.61731783,-154.44868333
0190_6,2,1,-154.62804201,-154.61597985,-154.44897107
0190_7,2,3,-154.73598692,-154.60618452,-154.60603134
0190_8,3,2,-154.6942586,-154.59527822,-154.5938998
0190_9,2,3,-154.65474892,-154.58057088,-154.57288582
0192_2,2,1,-154.67911133,-154.67351709,-154.48452973
0192_3,2,1,-154.65002163,-154.64573155,-154.45459256
0192_4,2,1,-154.62971835,-154.62908432,-154.45532792
0193_10,2,1,-154.68025711,-154.67304763,-154.49344146
0193_11,2,1,-154.64806295,-154.64690494,-154.48354895
0193_2,2,3,-154.9037646,-154.63537632,-154.62987914
0193_3,3,2,-154.75944383,-154.64720046,-154.64473354
0193_4,3,2,-154.75499929,-154.63674336,-154.63418327
0193_5,3,2,-154.75204972,-154.62795525,-154.62489931
0193_6,2,3,-154.76358916,-154.63921991,-154.61830188
0193_7,2,3,-154.76346529,-154.63158767,-154.62621485
0193_8,2,1,-154.7089221,-154.70356346,-154.47677886
0193_9,2,1,-154.70015135,-154.69592129,-154.50485376
0194_10,2,1,-154.64335202,-154.64297747,-154.45490068
0194_11,2,3,-154.73055057,-154.61514937,-154.61367394
0194_12,3,2,-154.7697773,-154.63408899,-154.63152992
0194_13,3,2,-154.74128762,-154.6180732,-154.61503033
0194_14,2,1,-154.61235247,-154.61169798,-154.44498045
0194_15,2,1,-154.60182149,-154.59531844,-154.46116694
0194_2,2,3,-154.90558457,-154.63055277,-154.62898107
0194_3,3,2,-154.75889764,-154.64650634,-154.64327836
0194_4,3,2,-154.78132767,-154.65613608,-154.65301385
0194_5,2,1,-154.64856494,-154.64222409,-154.47121352
0194_6,3,2,-154.73519581,-154.62129942,-154.61629285
0194_7,2,1,-154.65337148,-154.64780177,-154.46747667
0194_8,2,1,-154.64745237,-154.64114029,-154.51471865
0194_9,2,1,-154.63406275,-154.63052113,-154.43912118
0195_10,2,1,-154.67376765,-154.67214735,-154.47378512
0195_11,2,1,-154.67498215,-154.66857104,-154.52938692
0195_12,2,1,-154.67720372,-154.66921115,-154.50648438
0195_13,2,1,-154.65917513,-154.65412929,-154.4715696
0195_14,2,1,-154.64995248,-154.64637053,-154.60033965
0195_15,2,1,-154.6487498,-154.64759588,-154.60510573
0195_2,2,3,-154.88294069,-154.61733496,-154.6160716
0195_3,3,2,-154.75414647,-154.63233035,-154.62482096
0195_4,3,2,-154.75081684,-154.63117499,-154.63036635
0195_5,2,3,-154.78373067,-154.62905337,-154.60729084
0195_6,2,3,-154.77002859,-154.61677504,-154.59666178
0195_7,3,2,-154.7456133,-154.64101538,-154.6367883
0195_8,3,2,-154.77186035,-154.64619591,-154.63427116
0195_9,3,2,-154.86653664,-154.61203674,-154.61062652
0196_10,2,1,-154.65280954,-154.64598484,-154.44052002
0196_11,2,1,-154.67146043,-154.67036607,-154.48268054
0196_12,2,1,-154.65530551,-154.65041563,-154.48955715
0196_13,2,1,-154.64946012,-154.64607556,-154.53313248
0196_2,2,3,-154.88316866,-154.60903129,-154.60513067
0196_3,3,2,-154.9032964,-154.62722392,-154.62698209
0196_4,2,3,-154.88315823,-154.61083142,-154.60928215
0196_5,3,2,-154.75491278,-154.63069878,-154.62276536
0196_6,3,2,-154.74712737,-154.64479222,-154.64312471
0196_7,3,2,-154.78705316,-154.63400309,-154.62969705
0196_8,2,1,-154.64748541,-154.64013001,-154.41826481
0196_9,2,1,-154.65163784,-154.6426856,-154.44094692
0197_2,2,3,-154.89499743,-154.62263784,-154.61715412
0197_3,3,2,-154.8026838,-154.6418824,-154.63948838
0197_4,2,1,-154.65890309,-154.65460503,-154.48152771
0197_5,2,1,-154.68527919,-154.67479021,-154.51465253
0197_6,2,1,-154.68626313,-154.68518038,-154.49939705
0197_7,2,1,-154.66781977,-154.66586391,-154.51648166
0198_2,2,3,-154.88783234,-154.61940566,-154.6132145
0198_3,3,2,-154.85269882,-154.6166417,-154.60993302
0198_4,3,2,-154.86152851,-154.6253908,-154.62251148
0198_5,2,1,-154.67728998,-154.673162,-154.5073793
0198_6,2,3,-154.7320044,-154.61455922,-154.59092869
0198_7,2,1,-154.66570664,-154.65924953,-154.48639323
0198_8,2,1,-154.65343176,-154.64773191,-154.43230265
0198_9,2,1,-154.66006838,-154.65786965,-154.44075562
0199_10,2,1,-154.69043276,-154.68523988,-154.50688941
0199_11,1,2,-154.69252216,-154.67560121,-154.50206551
0199_12,2,1,-154.67115149,-154.6698494,-154.49293794
0199_2,2,3,-154.89926547,-154.62508039,-154.62083056
0199_3,3,2,-154.74665086,-154.63960261,-154.63763698
0199_4,3,2,-154.79159376,-154.66776737,-154.66445444
0199_5,2,1,-154.67642019,-154.66780621,-154.48293038
0199_6,2,1,-154.6806706,-154.68014911,-154.50363875
0199_7,3,2,-154.7800005,-154.66349002,-154.66005037
0199_8,2,1,-154.68154462,-154.67475557,-154.48038835
0199_9,2,1,-154.68455603,-154.67470898,-154.49605913
0200_2,2,1,-154.67920428,-154.6778664,-154.50415876
0201_2,2,3,-154.88840428,-154.6209661,-154.61558283
0201_3,2,1,-154.66611175,-154.66324547,-154.49396602
0201_4,3,2,-154.74276143,-154.63651275,-154.63427513
0201_5,3,2,-154.75964446,-154.62927209,-154.62056152
0201_6,2,1,-154.64945774,-154.64448686,-154.48118531
0201_7,2,1,-154.68011721,-154.67606971,-154.4975664
0202_2,2,1,-154.67384949,-154.6688087,-154.49966025
0202_3,2,1,-154.66220959,-154.65994227,-154.49983282
0203_10,2,1,-154.6575456,-154.65329441,-154.46288357
0203_11,3,2,-154.7361221,-154.63268295,-154.63011397
0203_12,2,3,-154.75950871,-154.6310732,-154.61804178
0203_13,3,2,-154.74976207,-154.62638335,-154.62280837
0203_14,3,2,-154.77206892,-154.6567877,-154.65499537
0203_15,2,1,-154.64706829,-154.64180557,-154.51175858
0203_16,2,1,-154.66608922,-154.65231631,-154.48108794
0203_17,2,1,-154.6482129,-154.6469449,-154.59555163
0203_18,1,2,-154.66461538,-154.65759375,-154.59591749
0203_19,2,1,-154.6653002,-154.66461404,-154.60116695
0203_2,2,3,-154.85571406,-154.59141268,-154.59034261
0203_20,2,1,-154.64455534,-154.64186214,-154.5845477
0203_21,2,1,-154.67871899,-154.67805061,-154.62582788
0203_22,1,2,-154.69551678,-154.69303197,-154.6171742
0203_23,2,1,-154.69769209,-154.69242881,-154.64115116
0203_3,3,2,-154.75194741,-154.6201113,-154.61361904
0203_4,2,1,-154.66415617,-154.65667832,-154.46342649
0203_5,2,1,-154.63086006,-154.62489787,-154.49981764
0203_6,2,1,-154.64971178,-154.64919096,-154.44298631
0203_7,3,2,-154.86456419,-154.62163393,-154.619898
0203_8,2,1,-154.66638477,-154.66580609,-154.52515743
0203_9,3,2,-154.77229949,-154.6320013,-154.62838302
0204_10,2,1,-154.72714858,-154.72521709,-154.6656818
0204_2,2,3,-154.86893617,-154.6061585,-154.60121531
0204_3,2,1,-154.63961645,-154.63664861,-154.4056617
0204_4,3,2,-154.69618202,-154.57918752,-154.57583212
0204_5,3,2,-154.74259217,-154.59875299,-154.59451508
0204_6,3,2,-154.73189189,-154.59471614,-154.59009019
0204_7,2,1,-154.65088917,-154.64030432,-154.50326318
0204_8,2,1,-154.66865866,-154.66414007,-154.49693661
0204_9,2,1,-154.58866829,-154.58560323,-154.42338686
0205_2,2,1,-154.60562226,-154.60493474,-154.4206313
0205_3,2,1,-154.69378487,-154.68760046,-154.50177495
0206_10,2,1,-154.61960389,-154.61908175,-154.45557175
0206_11,2,1,-154.65392908,-154.64992261,-154.48649494
0206_12,2,1,-154.63856615,-154.6371903,-154.46350393
0206_2,2,3,-154.87973429,-154.61549498,-154.61265174
0206_3,3,2,-154.75393687,-154.60448148,-154.60403542
0206_4,2,1,-154.61771186,-154.61137203,-154.43126217
0206_5,2,3,-154.73377354,-154.60276112,-154.59394297
0206_6,2,1,-154.63195092,-154.62256397,-154.45282047
0206_7,2,1,-154.62189173,-154.61415901,-154.46890073
0206_8,2,1,-154.60664529,-154.59921209,-154.44889437
0206_9,2,1,-154.64161279,-154.63283055,-154.45739268
0207_2,2,1,-154.68909052,-154.68320599,-154.51315479
0207_3,2,1,-154.67607691,-154.66898578,-154.4935116
0207_4,2,1,-154.69669226,-154.68581296,-154.52169801
0207_5,2,1,-154.63921755,-154.63870573,-154.47860594
0208_10,2,1,-154.64999224,-154.64390899,-154.44893857
0208_2,2,3,-154.88650148,-154.61229178,-154.612068
0208_3,3,2,-154.75615098,-154.61522863,-154.60830747
0208_4,2,1,-154.67247281,-154.66851452,-154.4647765
0208_5,3,2,-154.75066168,-154.63933703,-154.63669272
0208_6,3,2,-154.76902809,-154.62991777,-154.62384981
0208_7,2,1,-154.63087839,-154.62327019,-154.47256387
0208_8,2,1,-154.6302731,-154.62713749,-154.47347606
0208_9,2,1,-154.66495169,-154.66010426,-154.4812117
0212_10,3,2,-154.74150575,-154.64105615,-154.63559085
0212_11,2,1,-154.64421809,-154.64046782,-154.47445196
0212_12,2,1,-154.69588908,-154.69007625,-154.50810553
0212_13,2,1,-154.65578808,-154.64617184,-154.48156416
0212_14,2,1,-154.65852221,-154.64846282,-154.49066541
0212_15,2,1,-154.65492491,-154.64589506,-154.47987337
0212_16,2,1,-154.66766005,-154.66026292,-154.50829586
0212_2,2,3,-154.8805481,-154.61632597,-154.61293528
0212_3,3,2,-154.85389129,-154.60555282,-154.60092699
0212_4,3,2,-154.84926372,-154.60435763,-154.60189174
0212_5,3,2,-154.76371302,-154.61954661,-154.61454278
0212_6,3,2,-154.77337646,-154.61026914,-154.60159868
0212_7,3,2,-154.77532685,-154.66961075,-154.6681437
0212_8,3,2,-154.76842675,-154.63092072,-154.62319213
0212_9,2,1,-154.63116351,-154.62714155,-154.48242534
0213_2,2,1,-154.59759464,-154.59326153,-154.43252102
0213_3,2,3,-154.71449417,-154.59122728,-154.58716058
0213_4,3,2,-154.71515753,-154.59982216,-154.59916176
0213_5,2,1,-154.62301093,-154.61808711,-154.41739838
0213_6,2,1,-154.61012482,-154.60167611,-154.40787576
0213_7,2,1,-154.61268994,-154.60690087,-154.48159085
0214_2,2,3,-154.86973452,-154.60111908,-154.60078814
0214_3,3,2,-154.84374004,-154.61460245,-154.6129995
0214_4,3,2,-154.82626576,-154.62833141,-154.61905475
0214_5,3,2,-154.74911965,-154.62077141,-154.62049603
0214_6,2,1,-154.61259308,-154.60699633,-154.36640647
0214_7,2,1,-154.65896853,-154.65488331,-154.49218604
0214_8,2,1,-154.65305736,-154.65162764,-154.48773223
0215_2,2,1,-154.64363649,-154.63893824,-154.4512275
0215_3,2,1,-154.66874292,-154.66591513,-154.48996925
0216_10,2,1,-154.69523063,-154.69239848,-154.49367138
0216_2,2,3,-154.85904496,-154.5906747,-154.584698
0216_3,3,2,-154.87199567,-154.60420044,-154.59972388
0216_4,3,2,-154.85394181,-154.58614858,-154.58573515
0216_5,2,1,-154.65943478,-154.65249783,-154.47189877
0216_6,3,2,-154.74784717,-154.6253465,-154.61943759
0216_7,2,1,-154.62460623,-154.6187395,-154.45348738
0216_8,2,1,-154.60277068,-154.60226144,-154.42784752
0216_9,2,1,-154.63695244,-154.63286174,-154.46368578
0217_2,2,1,-154.63320873,-154.62658884,-154.44434695
0217_3,2,1,-154.64808931,-154.64117767,-154.47701143
0217_4,2,1,-154.66964854,-154.66797551,-154.49248764
0223_2,2,1,-154.68981515,-154.68747735,-154.4912842
0224_2,2,1,-154.67113674,-154.65132865,-154.51170011
0224_3,2,1,-154.65637607,-154.64727609,-154.48341784
0224_4,2,1,-154.60584751,-154.5979437,-154.42959744
0227_10,1,2,-154.64526563,-154.63113869,-154.48073438
0227_11,2,1,-154.63668811,-154.6319969,-154.42071583
0227_3,3,2,-154.74048019,-154.61938858,-154.61585198
0227_4,3,2,-154.74146699,-154.62178326,-154.61816646
0227_5,2,1,-154.66329223,-154.65395994,-154.45942498
0227_6,2,1,-154.66711938,-154.6579195,-154.46427828
0227_7,2,1,-154.61006785,-154.6082658,-154.43109455
0227_8,2,1,-154.66357915,-154.66067936,-154.49888657
0227_9,2,1,-154.61794998,-154.61720785,-154.47234362
0228_2,2,1,-154.62807483,-154.6204228,-154.46472056
0228_3,2,1,-154.62006349,-154.6133839,-154.46706302
0228_4,2,1,-154.65253384,-154.64504377,-154.46773682
0228_5,2,1,-154.65359553,-154.6458067,-154.46478369
0231_3,2,1,-154.66259368,-154.65865282,-154.48099615
0231_4,2,1,-154.67944923,-154.67276854,-154.49535176
0231_5,2,1,-154.66415469,-154.66116811,-154.45427494
0232_2,2,3,-154.75001989,-154.61325532,-154.59473561
0232_3,2,1,-154.64028384,-154.63615429,-154.48553754
0232_4,2,1,-154.64990807,-154.64547297,-154.46229567
0236_10,3,2,-154.70465517,-154.55691908,-154.55535912
0236_11,2,1,-154.58286075,-154.57639036,-154.40079335
0236_12,2,1,-154.63537102,-154.63436612,-154.4643864
0236_13,3,2,-154.75171007,-154.61705669,-154.61666158
0236_14,2,3,-154.6841567,-154.58493577,-154.58026597
0236_15,2,1,-154.63879376,-154.63375716,-154.47084722
0236_16,2,1,-154.60606147,-154.60308693,-154.45949331
0236_17,2,1,-154.61866662,-154.61785804,-154.46105286
0236_18,2,1,-154.61176302,-154.60695648,-154.3982785
0236_19,2,1,-154.63133031,-154.62896679,-154.46121124
0236_2,2,3,-154.87563112,-154.59992674,-154.59952702
0236_20,2,1,-154.61262089,-154.60759474,-154.43576465
0236_21,2,1,-154.62807461,-154.62293553,-154.43353476
0236_22,2,1,-154.64184077,-154.63648666,-154.44902381
0236_3,3,2,-154.75389622,-154.63073167,-154.62394835
0236_4,3,2,-154.75612061,-154.62705687,-154.62179552
0236_5,2,3,-154.75844027,-154.63048956,-154.62116814
0236_6,3,2,-154.746247,-154.6426397,-154.64042707
0236_7,3,2,-154.76827672,-154.65039697,-154.59876105
0236_8,3,2,-154.76135642,-154.63580893,-154.59784474
0236_9,2,1,-154.61660059,-154.60566169,-154.4170631
0237_2,2,1,-154.67922964,-154.67324119,-154.48427166
0237_3,2,1,-154.68728858,-154.68109828,-154.48757547
0237_4,2,1,-154.64917742,-154.64230312,-154.50024204
0237_5,2,1,-154.65040492,-154.64136499,-154.48382977
0237_6,2,1,-154.65260254,-154.64369352,-154.48695856
0240_10,2,1,-154.63182795,-154.62513032,-154.48862491
0240_11,2,1,-154.63547605,-154.62687457,-154.45470394
0240_12,2,1,-154.65655875,-154.64967336,-154.44644599
0240_13,2,1,-154.62853772,-154.62800158,-154.46757094
0240_14,2,1,-154.61954097,-154.61614628,-154.48124048
0240_2,2,3,-154.81945013,-154.54618645,-154.54284584
0240_3,3,2,-154.7754602,-154.56407469,-154.56263717
0240_4,2,3,-154.83033846,-154.61061888,-154.60627708
0240_5,3,2,-154.83921541,-154.61602678,-154.61174875
0240_6,3,2,-154.80050693,-154.58070904,-154.57677702
0240_7,2,1,-154.60484319,-154.60002621,-154.47493519
0240_8,2,1,-154.59450944,-154.59427135,-154.47517628
0240_9,2,1,-154.57736955,-154.57448871,-154.40615097
0241_2,2,1,-154.63844984,-154.63686027,-154.49986338
0242_10,3,2,-154.75092948,-154.65161929,-154.64740619
0242_11,2,1,-154.66850408,-154.66744779,-154.47098809
0242_12,2,1,-154.64732482,-154.64529208,-154.46367952
0242_13,2,1,-154.66587942,-154.6576254,-154.48903849
0242_2,2,3,-154.89130127,-154.62482748,-154.62222913
0242_3,3,2,-154.78557955,-154.66334492,-154.65604471
0242_4,2,1,-154.66279307,-154.65659928,-154.43615068
0242_5,3,2,-154.78137524,-154.66710382,-154.66193926
0242_6,2,1,-154.68168566,-154.67552408,-154.4800497
0242_7,3,2,-154.79293333,-154.66717964,-154.66383551
0242_8,2,1,-154.66551737,-154.65960195,-154.47464133
0242_9,2,1,-154.65962317,-154.65375546,-154.46478928
0243_10,2,1,-154.63084097,-154.62995391,-154.46484071
0243_11,2,1,-154.63304396,-154.62757935,-154.46326999
0243_12,2,1,-154.64752901,-154.64480637,-154.46891899
0243_2,2,3,-154.88998835,-154.61928283,-154.61538414
0243_3,3,2,-154.87699585,-154.60463029,-154.60293535
0243_4,3,2,-154.84660572,-154.59837111,-154.59407886
0243_5,2,3,-154.77666294,-154.60850952,-154.58902623
0243_6,3,2,-154.77883557,-154.61683691,-154.6164462
0243_7,2,1,-154.69207183,-154.6838257,-154.50426211
0243_8,2,1,-154.64330702,-154.64268077,-154.48265418
0243_9,2,1,-154.66570418,-154.65811023,-154.49794888
0245_10,2,1,-154.69871268,-154.69081627,-154.51315197
0245_11,2,1,-154.72704087,-154.72388924,-154.66306838
0245_12,2,1,-154.71311286,-154.70788857,-154.57631632
0245_13,2,1,-154.637174,-154.63679286,-154.4837276
0245_2,2,3,-154.90835942,-154.63782702,-154.63445516
0245_3,2,3,-154.77607781,-154.63987376,-154.63197797
0245_4,3,2,-154.76025095,-154.62509045,-154.6206954
0245_5,3,2,-154.74366424,-154.64001472,-154.63615881
0245_6,3,2,-154.74362761,-154.63539367,-154.63302569
0245_7,2,1,-154.69297911,-154.6836755,-154.49517538
0245_8,2,1,-154.66684749,-154.65993382,-154.54180943
0245_9,2,1,-154.66285321,-154.65266277,-154.48251643
0246_2,2,1,-154.62202181,-154.62076133,-154.47087471
0247_10,2,3,-154.76699941,-154.6256581,-154.6060533
0247_11,2,1,-154.6261457,-154.62118825,-154.48234757
0247_12,2,1,-154.64576526,-154.64009321,-154.48381472
0247_13,2,1,-154.66244741,-154.65335441,-154.45597299
0247_14,2,1,-154.64542731,-154.63964033,-154.44413393
0247_15,2,1,-154.72455754,-154.71865001,-154.63260348
0247_16,2,1,-154.64498768,-154.62892104,-154.44434077
0247_17,2,1,-154.60566452,-154.60212087,-154.42113384
0247_18,2,1,-154.60923,-154.60817001,-154.42976554
0247_19,2,1,-154.65179772,-154.65141537,-154.476404
0247_2,2,3,-154.86570456,-154.60123766,-154.59664302
0247_3,3,2,-154.83835515,-154.59885385,-154.595439
0247_4,3,2,-154.83152248,-154.60158888,-154.60066265
0247_5,2,3,-154.83317579,-154.61445539,-154.61249405
0247_6,3,2,-154.71402573,-154.60982385,-154.60848883
0247_7,3,2,-154.7325203,-154.6287635,-154.62260079
0247_8,3,2,-154.72268735,-154.61369393,-154.61285615
0247_9,2,1,-154.66299603,-154.65274519,-154.44478125
0248_10,2,1,-154.64708074,-154.64020955,-154.49088274
0248_11,2,1,-154.63757515,-154.62763332,-154.43641669
0248_12,2,1,-154.66019248,-154.65806948,-154.49726577
0248_2,2,3,-154.90902053,-154.63540198,-154.63409873
0248_3,3,2,-154.88818967,-154.61921375,-154.61785356
0248_4,3,2,-154.74195724,-154.62786685,-154.62694899
0248_5,3,2,-154.74329534,-154.62787246,-154.62494424
0248_6,2,1,-154.6722064,-154.66869906,-154.50971677
0248_7,2,1,-154.66871392,-154.66567774,-154.4985233
0248_8,2,1,-154.62637045,-154.62029075,-154.49710692
0248_9,2,1,-154.65077558,-154.64788598,-154.47973709
0249_2,2,3,-154.89875469,-154.62654561,-154.6250987
0249_3,3,2,-154.86765357,-154.63292045,-154.63068247
0249_4,3,2,-154.85841271,-154.63638959,-154.63609223
0249_5,2,1,-154.65770249,-154.64798867,-154.46890489
0249_6,2,1,-154.69999134,-154.69018102,-154.50837206
0249_7,2,1,-154.66111406,-154.65032708,-154.45453819
0249_8,2,1,-154.67042073,-154.66921999,-154.48985549
0249_9,2,1,-154.64902298,-154.64511185,-154.47984401
0251_2,2,1,-154.64274733,-154.64163538,-154.4216098
0252_10,3,2,-154.78211665,-154.62718298,-154.62528444
0252_11,2,1,-154.63696786,-154.63606155,-154.46241391
0252_12,3,2,-154.78630177,-154.59809462,-154.59798603
0252_13,2,1,-154.63242742,-154.63062192,-154.45932566
0252_14,2,1,-154.63256841,-154.62422382,-154.45815655
0252_15,2,1,-154.65820893,-154.6482243,-154.45962958
0252_16,2,1,-154.64874355,-154.64696052,-154.46139318
0252_17,2,1,-154.6386317,-154.63320896,-154.46036737
0252_18,2,1,-154.63146135,-154.62705298,-154.45510104
0252_2,2,3,-154.86970556,-154.59950282,-154.59722963
0252_3,3,2,-154.76117051,-154.62403047,-154.61614815
0252_4,2,3,-154.72375041,-154.62247423,-154.61931282
0252_5,2,3,-154.76566621,-154.61780878,-154.59552727
0252_6,3,2,-154.78051539,-154.65079454,-154.6172951
0252_7,2,3,-154.7654442,-154.63232928,-154.60438286
0252_8,3,2,-154.77187204,-154.5903879,-154.59015353
0252_9,3,2,-154.74723078,-154.58828943,-154.58763754
0253_2,2,3,-154.89381431,-154.62345091,-154.61864104
0253_3,3,2,-154.75188857,-154.61993829,-154.61782841
0253_4,2,1,-154.67229076,-154.66807038,-154.489061
0253_5,2,1,-154.67363937,-154.66541744,-154.49498883
0253_6,2,1,-154.67562365,-154.66867052,-154.48273235
0253_7,2,1,-154.68121601,-154.67119459,-154.50323311
0253_8,2,1,-154.67215487,-154.66495975,-154.49431776
0254_10,2,1,-154.56538619,-154.56272993,-154.38854467
0254_2,2,3,-154.87350272,-154.60522755,-154.60283065
0254_3,3,2,-154.81569515,-154.58458257,-154.58379753
0254_4,2,3,-154.67127707,-154.56457481,-154.55957413
0254_5,3,2,-154.76680902,-154.63347934,-154.62933208
0254_6,2,1,-154.64114433,-154.63962001,-154.5063537
0254_7,2,1,-154.63227905,-154.62500045,-154.4889012
0254_8,2,3,-154.70598959,-154.59229749,-154.59040477
0254_9,2,1,-154.62993253,-154.61376432,-154.4192394
0255_10,2,1,-154.63136704,-154.6250226,-154.49450688
0255_11,2,1,-154.64466589,-154.64339426,-154.43450266
0255_2,2,3,-154.88829876,-154.61885299,-154.6136364
0255_3,3,2,-154.8585819,-154.62314121,-154.61950961
0255_4,3,2,-154.86868081,-154.62613698,-154.62033702
0255_5,2,1,-154.6179699,-154.61690602,-154.45313223
0255_6,2,1,-154.62188537,-154.61748498,-154.44884051
0255_7,3,2,-154.70420977,-154.60926661,-154.60878428
0255_8,2,1,-154.66482748,-154.65997673,-154.47421386
0255_9,2,1,-154.64068416,-154.63603777,-154.50958314
0256_10,2,1,-154.6647,-154.66116997,-154.46662089
0256_11,2,3,-154.7968565,-154.63489222,-154.62535434
0256_12,2,1,-154.66079943,-154.65029836,-154.49359612
0256_13,2,1,-154.65724393,-154.65290796,-154.50352266
0256_2,2,3,-154.88127915,-154.62008184,-154.61435931
0256_3,3,2,-154.74186184,-154.6269048,-154.6258587
0256_4,2,1,-154.66021474,-154.65301761,-154.46357131
0256_5,2,1,-154.60904983,-154.60350536,-154.40916434
0256_6,2,1,-154.65759297,-154.64752346,-154.48296205
0256_7,2,3,-154.74424492,-154.63189347,-154.62377933
0256_8,3,2,-154.74711094,-154.61862805,-154.61681534
0256_9,2,1,-154.63933741,-154.63435184,-154.4377117
0257_2,2,1,-154.66714441,-154.66288837,-154.50797449
0257_3,2,1,-154.66567647,-154.66307095,-154.49488932
0258_2,2,3,-154.76434405,-154.63634831,-154.61167927
0258_3,3,2,-154.78855942,-154.6492838,-154.64666204
0258_4,2,1,-154.64795193,-154.64663519,-154.46652645
0259_10,2,1,-154.67070776,-154.6675394,-154.50048411
0259_2,2,3,-154.8762279,-154.60718698,-154.60348528
0259_3,2,1,-154.65624162,-154.65131523,-154.49967509
0259_4,3,2,-154.75029033,-154.6445316,-154.64300669
0259_5,3,2,-154.75682783,-154.62940944,-154.62756065
0259_6,3,2,-154.74299506,-154.63554898,-154.632262
0259_7,3,2,-154.77053633,-154.63709941,-154.63305638
0259_8,2,1,-154.64394785,-154.64028094,-154.40130879
0259_9,2,1,-154.67037555,-154.66797112,-154.48586379
0260_10,2,1,-154.64418899,-154.64104475,-154.47911826
0260_11,2,1,-154.68538111,-154.68341771,-154.48643794
0260_2,2,3,-154.89177926,-154.619348,-154.61460579
0260_3,3,2,-154.83410687,-154.62373511,-154.6210499
0260_4,2,1,-154.65767677,-154.65044466,-154.48693513
0260_5,3,2,-154.85860366,-154.62934191,-154.62081826
0260_6,3,2,-154.86902399,-154.62634942,-154.62411424
0260_7,2,1,-154.69195594,-154.68609967,-154.52123828
0260_8,2,1,-154.69644986,-154.68903706,-154.52104438
0260_9,2,1,-154.65082353,-154.64318091,-154.47906673
0261_2,2,3,-154.87977372,-154.61046366,-154.60632784
0261_3,3,2,-154.75238181,-154.62283744,-154.62223933
0261_4,2,1,-154.61803093,-154.60629923,-154.39520156
0261_5,2,1,-154.6623053,-154.66149533,-154.51426278
0261_6,2,1,-154.67836828,-154.67471946,-154.48448339
0262_2,2,1,-154.64391305,-154.64345001,-154.45991026
0262_3,2,1,-154.66105638,-154.66024684,-154.48019664
0263_10,2,1,-154.66683728,-154.6598427,-154.47272188
0263_11,3,2,-154.76759239,-154.62818521,-154.62073133
0263_12,2,1,-154.64173558,-154.63313825,-154.47945653
0263_13,2,1,-154.68354409,-154.66966047,-154.51962047
0263_14,2,1,-154.65584823,-154.65117979,-154.50863334
0263_15,2,1,-154.68347547,-154.67593754,-154.50452826
0263_16,2,1,-154.64196527,-154.6388284,-154.50717365
0263_17,2,1,-154.64415896,-154.64156207,-154.45404444
0263_18,2,1,-154.67709679,-154.67072708,-154.52931246
0263_2,2,3,-154.88823942,-154.61400563,-154.61322683
0263_3,3,2,-154.84144898,-154.60736638,-154.60559249
0263_4,3,2,-154.76029868,-154.62425267,-154.61867406
0263_5,3,2,-154.77019863,-154.62994196,-154.62877665
0263_6,2,3,-154.75217485,-154.60880939,-154.60437376
0263_7,3,2,-154.77638398,-154.64980288,-154.64447541
0263_8,3,2,-154.73968152,-154.63223176,-154.62781462
0263_9,2,1,-154.64440315,-154.63375069,-154.45213709
0266_10,2,1,-154.65798616,-154.65737266,-154.46825182
0266_11,2,1,-154.65611979,-154.6510271,-154.45411047
0266_12,2,1,-154.67170335,-154.66852203,-154.48890549
0266_13,2,1,-154.64482123,-154.64376125,-154.47439746
0266_2,2,3,-154.88062374,-154.61340742,-154.61123479
0266_3,3,2,-154.76067018,-154.64155178,-154.63974055
0266_4,3,2,-154.74982352,-154.62876088,-154.62565795
0266_5,3,2,-154.77478035,-154.65820925,-154.65518149
0266_6,2,3,-154.76251109,-154.62956574,-154.60159307
0266_7,3,2,-154.77995935,-154.6528814,-154.64974068
0266_8,2,1,-154.66446426,-154.6542041,-154.4558002
0266_9,2,1,-154.64136722,-154.64107107,-154.4538325
0267_2,2,1,-154.66732242,-154.657094,-154.48401986
0267_3,2,1,-154.66179182,-154.65110929,-154.48988381
0267_4,2,1,-154.68878953,-154.68380477,-154.50400543
0267_5,2,1,-154.67969769,-154.6745225,-154.49122104
0267_6,2,1,-154.66143662,-154.65594394,-154.50775061
0268_2,2,3,-154.88016884,-154.60713895,-154.60512729
0268_3,3,2,-154.7350627,-154.6263608,-154.62489519
0268_4,2,1,-154.62710782,-154.62015428,-154.44309357
0268_5,2,1,-154.72992001,-154.72236962,-154.63805174
0268_6,2,1,-154.67462826,-154.67231573,-154.50408383
0268_7,2,1,-154.70288118,-154.70031032,-154.62979808
0269_10,1,2,-154.63603037,-154.61181343,-154.43195388
0269_11,2,1,-154.62087997,-154.61534133,-154.39656198
0269_12,2,1,-154.63982865,-154.632625,-154.4870916
0269_13,2,1,-154.64263102,-154.6332018,-154.50085249
0269_14,2,1,-154.7048612,-154.70465292,-154.63284955
0269_2,2,3,-154.88235347,-154.61055836,-154.60802506
0269_3,2,1,-154.65102456,-154.64552361,-154.47180992
0269_4,3,2,-154.74068216,-154.61818727,-154.61064155
0269_5,3,2,-154.71805284,-154.60456081,-154.60059431
0269_6,3,2,-154.73180082,-154.61278531,-154.60696532
0269_7,2,1,-154.6369257,-154.62395438,-154.48643729
0269_8,2,1,-154.63293193,-154.63023008,-154.45224419
0269_9,2,1,-154.62262664,-154.62197231,-154.43698595
0271_2,2,1,-154.64618769,-154.63630095,-154.47819645
0271_3,2,1,-154.63824223,-154.63381806,-154.4718535
0271_4,2,1,-154.67206118,-154.66540358,-154.45358657
0271_5,2,1,-154.622679,-154.62037396,-154.42244003
0272_10,2,1,-154.65936946,-154.6535147,-154.46873236
0272_11,2,1,-154.6304399,-154.62480808,-154.51673625
0272_12,2,3,-154.78229023,-154.61696957,-154.61512079
0272_13,3,2,-154.75570375,-154.59591619,-154.59179947
0272_14,2,1,-154.62940211,-154.62329835,-154.46058033
0272_15,2,1,-154.65520917,-154.64720423,-154.51493579
0272_16,2,1,-154.66848308,-154.6667699,-154.49563056
0272_2,2,3,-154.88620825,-154.6177003,-154.61219017
0272_3,3,2,-154.84447269,-154.5953904,-154.59179237
0272_4,2,1,-154.6513649,-154.64240214,-154.45775412
0272_5,2,1,-154.62895764,-154.62373358,-154.46866434
0272_6,3,2,-154.81839984,-154.63431229,-154.63116323
0272_7,3,2,-154.78505344,-154.61183445,-154.60941766
0272_8,2,1,-154.67092862,-154.67027277,-154.47819079
0272_9,2,1,-154.64795949,-154.63897079,-154.49372313
0273_10,2,1,-154.63049581,-154.625225,-154.57307122
0273_11,2,1,-154.65529302,-154.64928163,-154.47994537
0273_2,2,3,-154.86147033,-154.59329154,-154.58741636
0273_3,3,2,-154.71367247,-154.62071719,-154.61901353
0273_4,3,2,-154.73136675,-154.62657847,-154.62399966
0273_5,2,1,-154.65802378,-154.65307263,-154.43175977
0273_6,2,1,-154.6739721,-154.66947034,-154.61143812
0273_7,2,1,-154.67972299,-154.6719738,-154.46478727
0273_8,2,1,-154.66685664,-154.66398393,-154.50774295
0273_9,2,1,-154.62960469,-154.62350525,-154.57410633
0274_2,2,1,-154.66894079,-154.66722439,-154.49661163
0274_3,2,1,-154.65770389,-154.65457781,-154.47833538
0274_4,2,1,-154.66773639,-154.66600217,-154.49128938
0274_5,2,1,-154.67221624,-154.66786507,-154.4644579
0275_2,2,3,-154.89779863,-154.62979492,-154.62392008
0275_3,3,2,-154.88147028,-154.62638399,-154.62558096
0275_4,2,1,-154.63956992,-154.63526258,-154.48202055
0275_5,2,1,-154.61937113,-154.6185904,-154.56743737
0275_6,2,1,-154.64515954,-154.64171147,-154.45539429
0275_7,2,1,-154.68796693,-154.67892982,-154.51354122
0275_8,2,1,-154.60615153,-154.60207392,-154.44247696
0276_10,2,1,-154.59199598,-154.58342812,-154.4323581
0276_11,2,1,-154.59025704,-154.58455643,-154.41367217
0276_12,2,1,-154.59628956,-154.59572212,-154.44758736
0276_2,2,3,-154.82824339,-154.56897033,-154.56227046
0276_3,2,3,-154.74075133,-154.5654622,-154.56011388
0276_4,3,2,-154.73364678,-154.57739726,-154.56801695
0276_5,3,2,-154.82508547,-154.60088437,-154.59803625
0276_6,3,2,-154.69425605,-154.56088079,-154.56045536
0276_7,2,1,-154.60554852,-154.60421495,-154.44973616
0276_8,2,1,-154.61273114,-154.60888799,-154.46309415
0276_9,2,1,-154.61338961,-154.60871101,-154.45560995
0277_2,2,1,-154.60188978,-154.59696225,-154.44294745
0277_3,2,1,-154.63915168,-154.63345394,-154.46950165
0277_4,2,1,-154.60900255,-154.60526923,-154.41513944
0278_10,2,1,-154.63736999,-154.62877195,-154.44544746
0278_11,2,1,-154.66551829,-154.65437018,-154.48416714
0278_12,2,1,-154.66456329,-154.66433077,-154.49635834
0278_2,2,3,-154.87537884,-154.60004776,-154.59523066
0278_3,3,2,-154.85962868,-154.60200146,-154.60045261
0278_4,2,1,-154.63134012,-154.63007226,-154.47211691
0278_5,2,1,-154.6251477,-154.61616003,-154.46946413
0278_6,3,2,-154.74615044,-154.61816999,-154.61503697
0278_7,3,2,-154.74705878,-154.63648439,-154.63359271
0278_8,2,1,-154.63066502,-154.62525433,-154.45620013
0278_9,2,1,-154.62616995,-154.62444124,-154.43454704
0280_2,2,3,-154.89625066,-154.62777894,-154.62323589
0280_3,3,2,-154.77708276,-154.63838135,-154.62899733
0280_4,3,2,-154.72268678,-154.61663819,-154.61616277
0280_5,2,1,-154.65991987,-154.65755242,-154.47029843
0280_6,3,2,-154.78911278,-154.63230705,-154.63202421
0280_7,2,1,-154.66852218,-154.66397216,-154.4669836
0280_8,2,1,-154.64675715,-154.64552307,-154.48153433
0281_2,2,1,-154.66417502,-154.65825161,-154.51593991
0281_3,2,1,-154.6528319,-154.64492561,-154.46388659
0281_5,2,1,-154.66534441,-154.65791297,-154.51521963
0282_2,2,1,-154.63856029,-154.6283591,-154.44451081
0282_3,2,1,-154.6883544,-154.68025316,-154.45452169
0282_4,2,1,-154.62776228,-154.62413071,-154.48799602
0282_5,2,1,-154.65258869,-154.64438423,-154.43706211
0282_6,2,1,-154.65806636,-154.65061005,-154.47580801
0283_2,2,1,-154.64330087,-154.63509182,-154.48457521
0283_3,2,1,-154.64058461,-154.633657,-154.48297769
0283_4,2,1,-154.62736758,-154.62472343,-154.44740152
0284_2,2,3,-154.89905393,-154.62873791,-154.624898
0284_3,3,2,-154.7632984,-154.63341641,-154.63310043
0284_4,3,2,-154.73732295,-154.62971202,-154.62776678
0284_5,2,1,-154.63170955,-154.63126122,-154.46419287
0284_6,2,1,-154.6690257,-154.66893055,-154.46892098
0284_7,2,1,-154.66418521,-154.65527906,-154.4871012
0284_8,2,1,-154.68825265,-154.68227674,-154.50676605
0284_9,2,1,-154.66311752,-154.66160475,-154.49947058
0285_10,2,1,-154.64363096,-154.63203606,-154.48731113
0285_11,2,1,-154.61249799,-154.60125303,-154.45540641
0285_12,2,3,-154.72101971,-154.61625074,-154.60861734
0285_13,2,1,-154.62225172,-154.62012674,-154.46797452
0285_14,2,1,-154.63008281,-154.62755497,-154.41988989
0285_2,2,3,-154.88079667,-154.61752724,-154.61189013
0285_3,3,2,-154.83772645,-154.60965109,-154.60521742
0285_4,3,2,-154.783712,-154.64640198,-154.63649172
0285_5,2,1,-154.62551176,-154.62242209,-154.46426237
0285_6,2,1,-154.62313643,-154.61671363,-154.44701871
0285_7,2,1,-154.66289309,-154.65669591,-154.47338129
0285_8,2,1,-154.66286029,-154.6532683,-154.46055884
0285_9,2,1,-154.65925474,-154.6524453,-154.48589957
0288_10,2,1,-154.66857066,-154.65984751,-154.44356382
0288_11,2,1,-154.68237946,-154.6781626,-154.50862061
0288_12,2,1,-154.64862074,-154.64401016,-154.45228902
0288_2,2,3,-154.89272363,-154.62506738,-154.62290668
0288_3,3,2,-154.87444921,-154.61607909,-154.61002423
0288_4,2,1,-154.70300852,-154.70112537,-154.51486034
0288_5,3,2,-154.77349734,-154.66603894,-154.663324
0288_6,2,1,-154.6671311,-154.66479213,-154.49608879
0288_7,3,2,-154.75898847,-154.63929213,-154.63375174
0288_8,3,2,-154.79436228,-154.65509195,-154.65072575
0288_9,3,2,-154.75745561,-154.63800461,-154.6349366
0294_2,2,3,-154.74032974,-154.60669879,-154.57958721
0294_3,3,2,-154.78007122,-154.64341567,-154.64000281
0294_4,3,2,-154.71778553,-154.6104242,-154.60804824
0294_5,2,1,-154.67238252,-154.67172056,-154.50724357
0294_6,2,1,-154.66186758,-154.64765533,-154.46849127
0294_7,2,1,-154.6361996,-154.62981413,-154.45755795
0294_8,2,1,-154.67254173,-154.66891512,-154.48152947
0299_10,2,1,-154.68513881,-154.68381727,-154.62615966
0299_11,2,1,-154.63478441,-154.62827376,-154.48318326
0299_12,3,2,-154.74419493,-154.63718737,-154.63339912
0299_13,2,1,-154.65746423,-154.64513523,-154.48507418
0299_14,2,1,-154.69079517,-154.68591021,-154.59687115
0299_15,2,1,-154.64908127,-154.64160866,-154.40562207
0299_16,2,1,-154.61756562,-154.61432934,-154.4573191
0299_17,2,1,-154.66430716,-154.65662605,-154.47784506
0299_2,2,3,-154.8723667,-154.595268,-154.59324401
0299_3,3,2,-154.86916868,-154.60865914,-154.60238907
0299_4,2,1,-154.6694193,-154.66799232,-154.49439845
0299_5,3,2,-154.75011502,-154.62352063,-154.62017999
0299_6,3,2,-154.71431477,-154.60556679,-154.59713176
0299_7,3,2,-154.74993169,-154.62437429,-154.62056993
0299_8,3,2,-154.73391611,-154.60718427,-154.60168813
0299_9,2,1,-154.64986897,-154.63965953,-154.50691756
0300_2,2,1,-154.65097488,-154.64354021,-154.45299126
0300_3,2,1,-154.62381702,-154.61831005,-154.44492247
0300_4,2,1,-154.64133352,-154.63499881,-154.46608865
0300_5,2,1,-154.60516903,-154.60090497,-154.43863291
0301_10,2,1,-154.6579321,-154.6555444,-154.45994712
0301_2,2,3,-154.8691855,-154.58689558,-154.58427879
0301_3,3,2,-154.89961208,-154.62331258,-154.62097892
0301_4,3,2,-154.86598657,-154.59369949,-154.59076114
0301_5,2,1,-154.65441202,-154.64272582,-154.48455696
0301_6,2,1,-154.67329909,-154.66907444,-154.48255171
0301_7,2,1,-154.66509159,-154.66023061,-154.47834309
0301_8,2,1,-154.66636931,-154.66374873,-154.50965234
0301_9,2,1,-154.66754351,-154.65503151,-154.45238076
0302_2,2,3,-154.87818741,-154.61969524,-154.6122103
0302_3,3,2,-154.7677825,-154.64319989,-154.63826672
0302_4,3,2,-154.85369627,-154.61053203,-154.61041245
0302_5,2,1,-154.64419076,-154.63962751,-154.4340455
0302_6,2,1,-154.67723157,-154.67637173,-154.48223664
0302_7,2,1,-154.65689365,-154.65323928,-154.47525086
0303_10,2,1,-154.65060127,-154.64098076,-154.51245206
0303_11,2,1,-154.65548718,-154.65242884,-154.4570497
0303_2,2,1,-154.68521923,-154.67874928,-154.49569643
0303_3,2,3,-154.75731683,-154.62130614,-154.61994224
0303_4,3,2,-154.71454613,-154.6272988,-154.62368989
0303_5,3,2,-154.75470423,-154.64584951,-154.64397624
0303_6,2,3,-154.73930767,-154.61660458,-154.61290255
0303_7,3,2,-154.73246335,-154.61143749,-154.60958768
0303_8,2,1,-154.65989373,-154.65943067,-154.5212948
0303_9,3,2,-154.76002143,-154.63691963,-154.6342457
0304_10,2,1,-154.66024415,-154.65399471,-154.48076308
0304_11,2,1,-154.66268712,-154.6575268,-154.50910335
0304_12,2,3,-154.76269131,-154.64714382,-154.63949577
0304_2,2,3,-154.8854636,-154.6189393,-154.61572093
0304_3,3,2,-154.76709504,-154.62713967,-154.62549751
0304_4,3,2,-154.76490957,-154.64430955,-154.64034448
0304_5,3,2,-154.75600755,-154.63663261,-154.62863166
0304_6,2,1,-154.69216303,-154.68918985,-154.50026418
0304_7,2,1,-154.62716835,-154.6222822,-154.49950328
0304_8,2,1,-154.64349437,-154.63651924,-154.46421336
0304_9,2,1,-154.65540674,-154.64453979,-154.50756304
0306_2,2,1,-154.65805499,-154.65644535,-154.45547684
0307_2,2,1,-154.62450455,-154.62195822,-154.44742575
0310_10,2,1,-154.65129,-154.6493758,-154.47850141
0310_11,2,1,-154.67825314,-154.67062243,-154.49722881
0310_12,2,1,-154.67745846,-154.67014087,-154.48217896
0310_13,2,1,-154.67028092,-154.66580895,-154.50170914
0310_2,2,3,-154.88898447,-154.61921679,-154.61508118
0310_3,3,2,-154.78180438,-154.65158949,-154.64821813
0310_4,2,3,-154.78944742,-154.65388546,-154.62758453
0310_5,3,2,-154.78762632,-154.65176786,-154.64123474
0310_6,3,2,-154.76796655,-154.63844401,-154.63703121
0310_7,3,2,-154.75978667,-154.63171406,-154.62757606
0310_8,2,1,-154.64619303,-154.64182111,-154.43536107
0310_9,2,1,-154.67871986,-154.66182954,-154.47805188
0312_2,2,1,-154.63745397,-154.63687138,-154.46111719
0312_3,2,1,-154.63401518,-154.63238882,-154.46734397
0313_2,2,1,-154.65736494,-154.65269666,-154.48838762
0313_3,2,1,-154.66068919,-154.65994537,-154.48333733
0313_4,2,1,-154.66249618,-154.66179697,-154.48956092
0314_10,2,1,-154.66189335,-154.65846441,-154.47640872
0314_2,2,3,-154.88820265,-154.62320003,-154.61850708
0314_3,3,2,-154.75526716,-154.63543998,-154.6326985
0314_4,3,2,-154.77571174,-154.64729845,-154.64222237
0314_5,2,1,-154.65137763,-154.64731878,-154.46502174
0314_6,2,1,-154.65110978,-154.65055641,-154.45077915
0314_7,3,2,-154.75830213,-154.64980635,-154.64643297
0314_8,3,2,-154.74017253,-154.63650247,-154.63271334
0314_9,2,1,-154.64618073,-154.63680941,-154.52631442
0315_2,2,1,-154.64503457,-154.63610196,-154.49063309
0315_3,2,1,-154.67126874,-154.66512035,-154.4698713
0315_4,2,1,-154.65607303,-154.65129114,-154.510772
0315_5,2,1,-154.66313551,-154.65728416,-154.49225342
0316_2,2,1,-154.66549951,-154.65894026,-154.46260327
0316_3,2,1,-154.66020586,-154.65266002,-154.44378577
0316_4,2,1,-154.63906572,-154.62840047,-154.48546827
0316_5,2,1,-154.6345463,-154.63386989,-154.45949289
0317_2,2,1,-154.68718544,-154.68338804,-154.62958101
0317_3,2,1,-154.61908002,-154.61824409,-154.57485055
0317_4,2,1,-154.66622262,-154.66581949,-154.62133283
0317_5,2,1,-154.61775256,-154.61762365,-154.57736965
0317_6,2,1,-154.68089879,-154.6799918,-154.63626857
0319_2,2,1,-154.65628875,-154.64926594,-154.45268917
0319_3,2,1,-154.681802,-154.67218885,-154.49231014
0319_4,2,1,-154.65983512,-154.6551488,-154.47388567
0319_5,2,1,-154.61831302,-154.61236732,-154.43108011
0319_6,2,1,-154.62813957,-154.62744215,-154.46777666
0320_10,3,2,-154.78499038,-154.65519849,-154.65095791
0320_11,2,1,-154.65374355,-154.64732712,-154.43125735
0320_12,2,1,-154.67161981,-154.67058241,-154.50156777
0320_13,2,1,-154.63543944,-154.6328832,-154.44461802
0320_14,2,1,-154.61308777,-154.6070468,-154.45783398
0320_2,2,3,-154.88683846,-154.6167231,-154.61237134
0320_3,3,2,-154.79153721,-154.65761088,-154.65577038
0320_4,2,1,-154.63254625,-154.62944509,-154.44420585
0320_5,3,2,-154.74129281,-154.63329971,-154.63146576
0320_6,2,1,-154.68257512,-154.67909174,-154.47743688
0320_7,3,2,-154.78115503,-154.61835972,-154.61100551
0320_8,2,1,-154.66265015,-154.65496123,-154.51239967
0320_9,3,2,-154.75539635,-154.62723972,-154.62210181
0328_10,2,1,-154.70334321,-154.69931858,-154.53508924
0328_11,2,1,-154.64627419,-154.64194752,-154.44019044
0328_12,2,1,-154.64056606,-154.63492138,-154.48210415
0328_2,2,3,-154.90774418,-154.63318793,-154.63265256
0328_3,3,2,-154.85944837,-154.64222687,-154.63414889
0328_4,3,2,-154.75766249,-154.63199633,-154.62245488
0328_5,2,1,-154.68857783,-154.68821465,-154.48899655
0328_6,3,2,-154.75626449,-154.6278235,-154.62306033
0328_7,2,1,-154.648742,-154.64704011,-154.51102209
0328_8,3,2,-154.7701532,-154.64996548,-154.64655551
0328_9,2,1,-154.6934155,-154.68584043,-154.50627319
0329_2,2,1,-154.65972435,-154.65848406,-154.47786937
0331_2,2,1,-154.5849084,-154.58403043,-154.42587827
0332_2,2,1,-154.63311673,-154.63045094,-154.47521101
0332_3,2,1,-154.60276022,-154.60242646,-154.45201137
0332_4,2,1,-154.60632152,-154.6055392,-154.44320807
0333_2,2,1,-154.64255874,-154.63711714,-154.48628892
0333_3,2,1,-154.63776236,-154.63529039,-154.46257058
0334_2,2,3,-154.86091571,-154.59324621,-154.58745701
0334_3,2,1,-154.63958373,-154.63071746,-154.47609159
0334_4,3,2,-154.83577188,-154.6283038,-154.62716641
0334_5,2,1,-154.68722682,-154.6845556,-154.49648368
0334_6,2,1,-154.61677109,-154.6107784,-154.43845038
0334_7,2,1,-154.64559524,-154.64477529,-154.48493887
0335_2,2,3,-154.90300455,-154.62828509,-154.62278674
0335_3,3,2,-154.83025439,-154.6064411,-154.60515658
0335_4,2,1,-154.62913426,-154.62786997,-154.45262721
0335_5,2,1,-154.64106955,-154.6373666,-154.49948127
0335_6,2,1,-154.65027929,-154.64337103,-154.461128
0337_2,2,1,-154.69513256,-154.69274349,-154.48647862
0337_3,2,1,-154.69052787,-154.68909248,-154.48473321
0339_2,2,3,-154.88027864,-154.61644772,-154.61295948
0339_3,2,1,-154.69396691,-154.6876556,-154.50813306
0339_4,2,1,-154.66440371,-154.66383072,-154.48580469
0340_2,2,1,-154.67569949,-154.66996079,-154.50282538
0340_3,2,1,-154.65273021,-154.6498036,-154.47988542
0341_2,2,1,-154.65272393,-154.65032822,-154.46163974
0342_10,2,1,-154.67215334,-154.66281366,-154.49294941
0342_11,2,1,-154.61811866,-154.61492856,-154.49229024
0342_12,3,2,-154.75716818,-154.61771513,-154.61291065
0342_13,2,1,-154.62304549,-154.62230957,-154.46850376
0342_14,3,2,-154.76800477,-154.61969563,-154.61360849
0342_15,1,2,-153.80131754,-153.79068739,-153.67528427
0342_16,3,2,-154.73560188,-154.62661821,-154.62104665
0342_17,2,1,-154.66780123,-154.66434087,-154.48898576
0342_2,2,3,-154.71982764,-154.59677705,-154.5912227
0342_3,3,2,-154.743878,-154.61723026,-154.61280706
0342_4,3,2,-154.7350693,-154.62539563,-154.61426931
0342_5,3,2,-154.77322998,-154.62588113,-154.61971914
0342_6,3,2,-154.79523907,-154.61224661,-154.60408853
0342_7,2,1,-154.64722945,-154.64149362,-154.46249928
0342_8,2,1,-154.65783171,-154.65429672,-154.49563232
0342_9,2,1,-154.66280908,-154.65783927,-154.4902967
0343_10,2,1,-154.6251514,-154.62398137,-154.41684184
0343_11,2,1,-154.6437509,-154.63989604,-154.45678221
0343_12,2,1,-154.64514836,-154.63793978,-154.45829078
0343_13,2,1,-154.66860504,-154.65892771,-154.47913936
0343_14,2,1,-154.64163366,-154.63460033,-154.48959653
0343_2,2,3,-154.88821898,-154.6119828,-154.60763715
0343_3,3,2,-154.74215257,-154.61674879,-154.61531356
0343_4,3,2,-154.75564151,-154.62502815,-154.62064569
0343_5,3,2,-154.74390152,-154.6263724,-154.62460611
0343_6,3,2,-154.74419151,-154.6247793,-154.62038609
0343_7,2,1,-154.67947326,-154.6741407,-154.46395758
0343_8,3,2,-154.75146096,-154.62423605,-154.62106681
0343_9,2,1,-154.64723261,-154.64652246,-154.48412212
0344_2,2,3,-154.89571721,-154.62289212,-154.61781826
0344_3,3,2,-154.7798052,-154.65213948,-154.64827972
0344_4,3,2,-154.76332853,-154.65102248,-154.64934196
0344_5,2,1,-154.64871855,-154.6421113,-154.46646952
0344_6,2,1,-154.68265174,-154.6815799,-154.49882429
0344_7,2,1,-154.67219601,-154.66528937,-154.49126672
0345_10,2,1,-154.6662197,-154.66487484,-154.46509832
0345_11,2,1,-154.66460584,-154.65677748,-154.45900287
0345_12,2,1,-154.65709529,-154.64748312,-154.4935969
0345_13,2,1,-154.65944891,-154.64976212,-154.47361498
0345_14,2,1,-154.67978203,-154.67749957,-154.51071749
0345_15,2,1,-154.64348916,-154.63262144,-154.46796243
0345_2,2,3,-154.87894949,-154.60637042,-154.6019807
0345_3,3,2,-154.83507275,-154.57257398,-154.57037107
0345_4,3,2,-154.86949437,-154.60512532,-154.6047254
0345_5,2,3,-154.85852183,-154.59375632,-154.58916951
0345_6,3,2,-154.75160443,-154.64522037,-154.64062385
0345_7,2,1,-154.66151937,-154.66001629,-154.50157767
0345_8,3,2,-154.76389155,-154.64307836,-154.63783479
0345_9,3,2,-154.70941673,-154.60380319,-154.60200445
0348_10,2,1,-154.59431767,-154.59068969,-154.44767869
0348_11,3,2,-154.69549933,-154.59011185,-154.58497246
0348_2,2,3,-154.89898009,-154.62793329,-154.62499551
0348_3,3,2,-154.87380736,-154.61952199,-154.6145051
0348_4,2,3,-154.73211057,-154.62162461,-154.60875964
0348_5,3,2,-154.77972749,-154.63556079,-154.63237947
0348_6,3,2,-154.76601426,-154.63467637,-154.63077568
0348_7,2,1,-154.63798588,-154.63308689,-154.47272338
0348_8,2,1,-154.63077159,-154.62999782,-154.4387257
0348_9,2,1,-154.62015995,-154.61464311,-154.48518672
0350_2,2,1,-154.65355995,-154.65261458,-154.47930193
0350_3,2,1,-154.65692618,-154.65390329,-154.47610109
0354_2,2,3,-154.75824675,-154.61552004,-154.58831814
0354_3,2,1,-154.60522265,-154.5918227,-154.4606379
0354_4,2,1,-154.60936815,-154.60534847,-154.50725542
0354_5,2,1,-154.65869347,-154.65721179,-154.54285722
